[2026-09-19 00:00:01] === SCRAPE START ===
[2026-09-19 00:00:01] Fetching https://waitz.io/live/ucsd-rec
[2026-09-19 00:00:03] Saved 4 rows to ucsd_occupancy_history.csv
[2026-09-19 00:00:03] Main Gym Fitness Gym: 1% (Closed) people=1 capacity=72 is_open=False hour_summary=Closed until 8:00am
[2026-09-19 00:00:03] Outback Climbing Center: 10% (Closed) people=3 capacity=30 is_open=False hour_summary=Closed until 2:00pm
[2026-09-19 00:00:03] RIMAC Fitness Gym: 0% (Closed) people=0 capacity=65 is_open=False hour_summary=Closed until 8:00am
[2026-09-19 00:00:03] Triton Esports Center: 0% (Closed) people=0 capacity=35 is_open=False hour_summary=closed
[2026-09-19 00:00:03] === SCRAPE END OK ===
[2026-09-19 00:00:45] === SCRAPE START ===
[2026-09-19 00:00:45] Fetching https://waitz.io/live/ucsd-rec
[2026-09-19 00:00:46] Saved 4 rows to ucsd_occupancy_history.csv
[2026-09-19 00:00:46] Main Gym Fitness Gym: 1% (Closed) people=1 capacity=72 is_open=False hour_summary=Closed until 8:00am
[2026-09-19 00:00:46] Outback Climbing Center: 10% (Closed) people=3 capacity=30 is_open=False hour_summary=Closed until 2:00pm
[2026-09-19 00:00:46] RIMAC Fitness Gym: 0% (Closed) people=0 capacity=65 is_open=False hour_summary=Closed until 8:00am
[2026-09-19 00:00:46] Triton Esports Center: 0% (Closed) people=0 capacity=35 is_open=False hour_summary=closed
[2026-09-19 00:00:46] === SCRAPE END OK ===
[2026-09-19 00:15:02] === SCRAPE START ===
[2026-09-19 00:15:02] Fetching https://waitz.io/live/ucsd-rec
[2026-09-19 00:15:03] Saved 4 rows to ucsd_occupancy_history.csv
[2026-09-19 00:15:03] Main Gym Fitness Gym: 1% (Closed) people=1 capacity=72 is_open=False hour_summary=Closed until 8:00am
[2026-09-19 00:15:03] Outback Climbing Center: 10% (Closed) people=3 capacity=30 is_open=False hour_summary=Closed until 2:00pm
[2026-09-19 00:15:03] RIMAC Fitness Gym: 0% (Closed) people=0 capacity=65 is_open=False hour_summary=Closed until 8:00am
[2026-09-19 00:15:03] Triton Esports Center: 0% (Closed) people=0 capacity=35 is_open=False hour_summary=closed
[2026-09-19 00:15:03] === SCRAPE END OK ===
[2026-09-19 00:15:45] === SCRAPE START ===
[2026-09-19 00:15:45] Fetching https://waitz.io/live/ucsd-rec
[2026-09-19 00:15:46] Saved 4 rows to ucsd_occupancy_history.csv
[2026-09-19 00:15:46] Main Gym Fitness Gym: 1% (Closed) people=1 capacity=72 is_open=False hour_summary=Closed until 8:00am
[2026-09-19 00:15:46] Outback Climbing Center: 10% (Closed) people=3 capacity=30 is_open=False hour_summary=Closed until 2:00pm
[2026-09-19 00:15:46] RIMAC Fitness Gym: 0% (Closed) people=0 capacity=65 is_open=False hour_summary=Closed until 8:00am
[2026-09-19 00:15:46] Triton Esports Center: 0% (Closed) people=0 capacity=35 is_open=False hour_summary=closed
[2026-09-19 00:15:46] === SCRAPE END OK ===
[2026-09-19 00:30:02] === SCRAPE START ===
[2026-09-19 00:30:02] Fetching https://waitz.io/live/ucsd-rec
[2026-09-19 00:30:04] Saved 4 rows to ucsd_occupancy_history.csv
[2026-09-19 00:30:04] Main Gym Fitness Gym: 1% (Closed) people=1 capacity=72 is_open=False hour_summary=Closed until 8:00am
[2026-09-19 00:30:04] Outback Climbing Center: 10% (Closed) people=3 capacity=30 is_open=False hour_summary=Closed until 2:00pm
[2026-09-19 00:30:04] RIMAC Fitness Gym: 0% (Closed) people=0 capacity=65 is_open=False hour_summary=Closed until 8:00am
[2026-09-19 00:30:04] Triton Esports Center: 0% (Closed) people=0 capacity=35 is_open=False hour_summary=closed
[2026-09-19 00:30:04] === SCRAPE END OK ===
[2026-09-19 00:30:46] === SCRAPE START ===
[2026-09-19 00:30:46] Fetching https://waitz.io/live/ucsd-rec
[2026-09-19 00:30:46] Saved 4 rows to ucsd_occupancy_history.csv
[2026-09-19 00:30:46] Main Gym Fitness Gym: 1% (Closed) people=1 capacity=72 is_open=False hour_summary=Closed until 8:00am
[2026-09-19 00:30:46] Outback Climbing Center: 10% (Closed) people=3 capacity=30 is_open=False hour_summary=Closed until 2:00pm
[2026-09-19 00:30:46] RIMAC Fitness Gym: 0% (Closed) people=0 capacity=65 is_open=False hour_summary=Closed until 8:00am
[2026-09-19 00:30:46] Triton Esports Center: 0% (Closed) people=0 capacity=35 is_open=False hour_summary=closed
[2026-09-19 00:30:46] === SCRAPE END OK ===
[2026-09-19 00:45:03] === SCRAPE START ===
[2026-09-19 00:45:03] Fetching https://waitz.io/live/ucsd-rec
[2026-09-19 00:45:04] Saved 4 rows to ucsd_occupancy_history.csv
[2026-09-19 00:45:04] Main Gym Fitness Gym: 1% (Closed) people=1 capacity=72 is_open=False hour_summary=Closed until 8:00am
[2026-09-19 00:45:04] Outback Climbing Center: 7% (Closed) people=2 capacity=30 is_open=False hour_summary=Closed until 2:00pm
[2026-09-19 00:45:04] RIMAC Fitness Gym: 0% (Closed) people=0 capacity=65 is_open=False hour_summary=Closed until 8:00am
[2026-09-19 00:45:04] Triton Esports Center: 0% (Closed) people=0 capacity=35 is_open=False hour_summary=closed
[2026-09-19 00:45:04] === SCRAPE END OK ===
[2026-09-19 00:45:45] === SCRAPE START ===
[2026-09-19 00:45:45] Fetching https://waitz.io/live/ucsd-rec
[2026-09-19 00:45:46] Saved 4 rows to ucsd_occupancy_history.csv
[2026-09-19 00:45:46] Main Gym Fitness Gym: 1% (Closed) people=1 capacity=72 is_open=False hour_summary=Closed until 8:00am
[2026-09-19 00:45:46] Outback Climbing Center: 7% (Closed) people=2 capacity=30 is_open=False hour_summary=Closed until 2:00pm
[2026-09-19 00:45:46] RIMAC Fitness Gym: 0% (Closed) people=0 capacity=65 is_open=False hour_summary=Closed until 8:00am
[2026-09-19 00:45:46] Triton Esports Center: 0% (Closed) people=0 capacity=35 is_open=False hour_summary=closed
[2026-09-19 00:45:46] === SCRAPE END OK ===
[2026-09-19 01:00:02] === SCRAPE START ===
[2026-09-19 01:00:02] Fetching https://waitz.io/live/ucsd-rec
[2026-09-19 01:00:04] Saved 4 rows to ucsd_occupancy_history.csv
[2026-09-19 01:00:04] Main Gym Fitness Gym: 1% (Closed) people=1 capacity=72 is_open=False hour_summary=Closed until 8:00am
[2026-09-19 01:00:04] Outback Climbing Center: 3% (Closed) people=1 capacity=30 is_open=False hour_summary=Closed until 2:00pm
[2026-09-19 01:00:04] RIMAC Fitness Gym: 0% (Closed) people=0 capacity=65 is_open=False hour_summary=Closed until 8:00am
[2026-09-19 01:00:04] Triton Esports Center: 0% (Closed) people=0 capacity=35 is_open=False hour_summary=closed
[2026-09-19 01:00:04] === SCRAPE END OK ===
[2026-09-19 01:00:45] === SCRAPE START ===
[2026-09-19 01:00:45] Fetching https://waitz.io/live/ucsd-rec
[2026-09-19 01:00:46] Saved 4 rows to ucsd_occupancy_history.csv
[2026-09-19 01:00:46] Main Gym Fitness Gym: 1% (Closed) people=1 capacity=72 is_open=False hour_summary=Closed until 8:00am
[2026-09-19 01:00:46] Outback Climbing Center: 3% (Closed) people=1 capacity=30 is_open=False hour_summary=Closed until 2:00pm
[2026-09-19 01:00:46] RIMAC Fitness Gym: 0% (Closed) people=0 capacity=65 is_open=False hour_summary=Closed until 8:00am
[2026-09-19 01:00:46] Triton Esports Center: 0% (Closed) people=0 capacity=35 is_open=False hour_summary=closed
[2026-09-19 01:00:46] === SCRAPE END OK ===
[2026-09-19 01:15:02] === SCRAPE START ===
[2026-09-19 01:15:02] Fetching https://waitz.io/live/ucsd-rec
[2026-09-19 01:15:03] Saved 4 rows to ucsd_occupancy_history.csv
[2026-09-19 01:15:03] Main Gym Fitness Gym: 1% (Closed) people=1 capacity=72 is_open=False hour_summary=Closed until 8:00am
[2026-09-19 01:15:03] Outback Climbing Center: 3% (Closed) people=1 capacity=30 is_open=False hour_summary=Closed until 2:00pm
[2026-09-19 01:15:03] RIMAC Fitness Gym: 0% (Closed) people=0 capacity=65 is_open=False hour_summary=Closed until 8:00am
[2026-09-19 01:15:03] Triton Esports Center: 0% (Closed) people=0 capacity=35 is_open=False hour_summary=closed
[2026-09-19 01:15:03] === SCRAPE END OK ===
[2026-09-19 01:15:45] === SCRAPE START ===
[2026-09-19 01:15:45] Fetching https://waitz.io/live/ucsd-rec
[2026-09-19 01:15:46] Saved 4 rows to ucsd_occupancy_history.csv
[2026-09-19 01:15:46] Main Gym Fitness Gym: 1% (Closed) people=1 capacity=72 is_open=False hour_summary=Closed until 8:00am
[2026-09-19 01:15:46] Outback Climbing Center: 3% (Closed) people=1 capacity=30 is_open=False hour_summary=Closed until 2:00pm
[2026-09-19 01:15:46] RIMAC Fitness Gym: 0% (Closed) people=0 capacity=65 is_open=False hour_summary=Closed until 8:00am
[2026-09-19 01:15:46] Triton Esports Center: 0% (Closed) people=0 capacity=35 is_open=False hour_summary=closed
[2026-09-19 01:15:46] === SCRAPE END OK ===
[2026-09-19 01:30:02] === SCRAPE START ===
[2026-09-19 01:30:02] Fetching https://waitz.io/live/ucsd-rec
[2026-09-19 01:30:03] Saved 4 rows to ucsd_occupancy_history.csv
[2026-09-19 01:30:03] Main Gym Fitness Gym: 4% (Closed) people=3 capacity=72 is_open=False hour_summary=Closed until 8:00am
[2026-09-19 01:30:03] Outback Climbing Center: 7% (Closed) people=2 capacity=30 is_open=False hour_summary=Closed until 2:00pm
[2026-09-19 01:30:03] RIMAC Fitness Gym: 0% (Closed) people=0 capacity=65 is_open=False hour_summary=Closed until 8:00am
[2026-09-19 01:30:03] Triton Esports Center: 0% (Closed) people=0 capacity=35 is_open=False hour_summary=closed
[2026-09-19 01:30:03] === SCRAPE END OK ===
[2026-09-19 01:30:45] === SCRAPE START ===
[2026-09-19 01:30:45] Fetching https://waitz.io/live/ucsd-rec
[2026-09-19 01:30:46] Saved 4 rows to ucsd_occupancy_history.csv
[2026-09-19 01:30:46] Main Gym Fitness Gym: 4% (Closed) people=3 capacity=72 is_open=False hour_summary=Closed until 8:00am
[2026-09-19 01:30:46] Outback Climbing Center: 7% (Closed) people=2 capacity=30 is_open=False hour_summary=Closed until 2:00pm
[2026-09-19 01:30:46] RIMAC Fitness Gym: 0% (Closed) people=0 capacity=65 is_open=False hour_summary=Closed until 8:00am
[2026-09-19 01:30:46] Triton Esports Center: 0% (Closed) people=0 capacity=35 is_open=False hour_summary=closed
[2026-09-19 01:30:46] === SCRAPE END OK ===
[2026-09-19 01:45:02] === SCRAPE START ===
[2026-09-19 01:45:02] Fetching https://waitz.io/live/ucsd-rec
[2026-09-19 01:45:03] Saved 4 rows to ucsd_occupancy_history.csv
[2026-09-19 01:45:03] Main Gym Fitness Gym: 3% (Closed) people=2 capacity=72 is_open=False hour_summary=Closed until 8:00am
[2026-09-19 01:45:03] Outback Climbing Center: 7% (Closed) people=2 capacity=30 is_open=False hour_summary=Closed until 2:00pm
[2026-09-19 01:45:03] RIMAC Fitness Gym: 0% (Closed) people=0 capacity=65 is_open=False hour_summary=Closed until 8:00am
[2026-09-19 01:45:03] Triton Esports Center: 0% (Closed) people=0 capacity=35 is_open=False hour_summary=closed
[2026-09-19 01:45:03] === SCRAPE END OK ===
[2026-09-19 01:45:45] === SCRAPE START ===
[2026-09-19 01:45:45] Fetching https://waitz.io/live/ucsd-rec
[2026-09-19 01:45:46] Saved 4 rows to ucsd_occupancy_history.csv
[2026-09-19 01:45:46] Main Gym Fitness Gym: 3% (Closed) people=2 capacity=72 is_open=False hour_summary=Closed until 8:00am
[2026-09-19 01:45:46] Outback Climbing Center: 3% (Closed) people=1 capacity=30 is_open=False hour_summary=Closed until 2:00pm
[2026-09-19 01:45:46] RIMAC Fitness Gym: 0% (Closed) people=0 capacity=65 is_open=False hour_summary=Closed until 8:00am
[2026-09-19 01:45:46] Triton Esports Center: 0% (Closed) people=0 capacity=35 is_open=False hour_summary=closed
[2026-09-19 01:45:46] === SCRAPE END OK ===
[2026-09-19 02:00:02] === SCRAPE START ===
[2026-09-19 02:00:02] Fetching https://waitz.io/live/ucsd-rec
[2026-09-19 02:00:03] Saved 4 rows to ucsd_occupancy_history.csv
[2026-09-19 02:00:03] Main Gym Fitness Gym: 1% (Closed) people=1 capacity=72 is_open=False hour_summary=Closed until 8:00am
[2026-09-19 02:00:03] Outback Climbing Center: 10% (Closed) people=3 capacity=30 is_open=False hour_summary=Closed until 2:00pm
[2026-09-19 02:00:03] RIMAC Fitness Gym: 0% (Closed) people=0 capacity=65 is_open=False hour_summary=Closed until 8:00am
[2026-09-19 02:00:03] Triton Esports Center: 0% (Closed) people=0 capacity=35 is_open=False hour_summary=closed
[2026-09-19 02:00:03] === SCRAPE END OK ===
[2026-09-19 02:00:45] === SCRAPE START ===
[2026-09-19 02:00:45] Fetching https://waitz.io/live/ucsd-rec
[2026-09-19 02:00:46] Saved 4 rows to ucsd_occupancy_history.csv
[2026-09-19 02:00:46] Main Gym Fitness Gym: 1% (Closed) people=1 capacity=72 is_open=False hour_summary=Closed until 8:00am
[2026-09-19 02:00:46] Outback Climbing Center: 10% (Closed) people=3 capacity=30 is_open=False hour_summary=Closed until 2:00pm
[2026-09-19 02:00:46] RIMAC Fitness Gym: 0% (Closed) people=0 capacity=65 is_open=False hour_summary=Closed until 8:00am
[2026-09-19 02:00:46] Triton Esports Center: 0% (Closed) people=0 capacity=35 is_open=False hour_summary=closed
[2026-09-19 02:00:46] === SCRAPE END OK ===
[2026-09-19 02:15:02] === SCRAPE START ===
[2026-09-19 02:15:02] Fetching https://waitz.io/live/ucsd-rec
[2026-09-19 02:15:03] Saved 4 rows to ucsd_occupancy_history.csv
[2026-09-19 02:15:03] Main Gym Fitness Gym: 1% (Closed) people=1 capacity=72 is_open=False hour_summary=Closed until 8:00am
[2026-09-19 02:15:03] Outback Climbing Center: 7% (Closed) people=2 capacity=30 is_open=False hour_summary=Closed until 2:00pm
[2026-09-19 02:15:03] RIMAC Fitness Gym: 0% (Closed) people=0 capacity=65 is_open=False hour_summary=Closed until 8:00am
[2026-09-19 02:15:03] Triton Esports Center: 0% (Closed) people=0 capacity=35 is_open=False hour_summary=closed
[2026-09-19 02:15:03] === SCRAPE END OK ===
[2026-09-19 02:15:45] === SCRAPE START ===
[2026-09-19 02:15:45] Fetching https://waitz.io/live/ucsd-rec
[2026-09-19 02:15:46] Saved 4 rows to ucsd_occupancy_history.csv
[2026-09-19 02:15:46] Main Gym Fitness Gym: 1% (Closed) people=1 capacity=72 is_open=False hour_summary=Closed until 8:00am
[2026-09-19 02:15:46] Outback Climbing Center: 7% (Closed) people=2 capacity=30 is_open=False hour_summary=Closed until 2:00pm
[2026-09-19 02:15:46] RIMAC Fitness Gym: 0% (Closed) people=0 capacity=65 is_open=False hour_summary=Closed until 8:00am
[2026-09-19 02:15:46] Triton Esports Center: 0% (Closed) people=0 capacity=35 is_open=False hour_summary=closed
[2026-09-19 02:15:46] === SCRAPE END OK ===
[2026-09-19 02:30:02] === SCRAPE START ===
[2026-09-19 02:30:02] Fetching https://waitz.io/live/ucsd-rec
[2026-09-19 02:30:03] Saved 4 rows to ucsd_occupancy_history.csv
[2026-09-19 02:30:03] Main Gym Fitness Gym: 1% (Closed) people=1 capacity=72 is_open=False hour_summary=Closed until 8:00am
[2026-09-19 02:30:03] Outback Climbing Center: 7% (Closed) people=2 capacity=30 is_open=False hour_summary=Closed until 2:00pm
[2026-09-19 02:30:03] RIMAC Fitness Gym: 0% (Closed) people=0 capacity=65 is_open=False hour_summary=Closed until 8:00am
[2026-09-19 02:30:03] Triton Esports Center: 0% (Closed) people=0 capacity=35 is_open=False hour_summary=closed
[2026-09-19 02:30:03] === SCRAPE END OK ===
[2026-09-19 02:30:45] === SCRAPE START ===
[2026-09-19 02:30:45] Fetching https://waitz.io/live/ucsd-rec
[2026-09-19 02:30:46] Saved 4 rows to ucsd_occupancy_history.csv
[2026-09-19 02:30:46] Main Gym Fitness Gym: 1% (Closed) people=1 capacity=72 is_open=False hour_summary=Closed until 8:00am
[2026-09-19 02:30:46] Outback Climbing Center: 7% (Closed) people=2 capacity=30 is_open=False hour_summary=Closed until 2:00pm
[2026-09-19 02:30:46] RIMAC Fitness Gym: 0% (Closed) people=0 capacity=65 is_open=False hour_summary=Closed until 8:00am
[2026-09-19 02:30:46] Triton Esports Center: 0% (Closed) people=0 capacity=35 is_open=False hour_summary=closed
[2026-09-19 02:30:46] === SCRAPE END OK ===
[2026-09-19 02:45:02] === SCRAPE START ===
[2026-09-19 02:45:02] Fetching https://waitz.io/live/ucsd-rec
[2026-09-19 02:45:03] Saved 4 rows to ucsd_occupancy_history.csv
[2026-09-19 02:45:03] Main Gym Fitness Gym: 1% (Closed) people=1 capacity=72 is_open=False hour_summary=Closed until 8:00am
[2026-09-19 02:45:03] Outback Climbing Center: 10% (Closed) people=3 capacity=30 is_open=False hour_summary=Closed until 2:00pm
[2026-09-19 02:45:03] RIMAC Fitness Gym: 0% (Closed) people=0 capacity=65 is_open=False hour_summary=Closed until 8:00am
[2026-09-19 02:45:03] Triton Esports Center: 0% (Closed) people=0 capacity=35 is_open=False hour_summary=closed
[2026-09-19 02:45:03] === SCRAPE END OK ===
[2026-09-19 02:45:45] === SCRAPE START ===
[2026-09-19 02:45:45] Fetching https://waitz.io/live/ucsd-rec
[2026-09-19 02:45:46] Saved 4 rows to ucsd_occupancy_history.csv
[2026-09-19 02:45:46] Main Gym Fitness Gym: 1% (Closed) people=1 capacity=72 is_open=False hour_summary=Closed until 8:00am
[2026-09-19 02:45:46] Outback Climbing Center: 10% (Closed) people=3 capacity=30 is_open=False hour_summary=Closed until 2:00pm
[2026-09-19 02:45:46] RIMAC Fitness Gym: 0% (Closed) people=0 capacity=65 is_open=False hour_summary=Closed until 8:00am
[2026-09-19 02:45:46] Triton Esports Center: 0% (Closed) people=0 capacity=35 is_open=False hour_summary=closed
[2026-09-19 02:45:46] === SCRAPE END OK ===
[2026-09-19 03:00:02] === SCRAPE START ===
[2026-09-19 03:00:02] Fetching https://waitz.io/live/ucsd-rec
[2026-09-19 03:00:03] Saved 4 rows to ucsd_occupancy_history.csv
[2026-09-19 03:00:03] Main Gym Fitness Gym: 1% (Closed) people=1 capacity=72 is_open=False hour_summary=Closed until 8:00am
[2026-09-19 03:00:03] Outback Climbing Center: 7% (Closed) people=2 capacity=30 is_open=False hour_summary=Closed until 2:00pm
[2026-09-19 03:00:03] RIMAC Fitness Gym: 0% (Closed) people=0 capacity=65 is_open=False hour_summary=Closed until 8:00am
[2026-09-19 03:00:03] Triton Esports Center: 0% (Closed) people=0 capacity=35 is_open=False hour_summary=closed
[2026-09-19 03:00:03] === SCRAPE END OK ===
[2026-09-19 03:00:45] === SCRAPE START ===
[2026-09-19 03:00:45] Fetching https://waitz.io/live/ucsd-rec
[2026-09-19 03:00:46] Saved 4 rows to ucsd_occupancy_history.csv
[2026-09-19 03:00:46] Main Gym Fitness Gym: 1% (Closed) people=1 capacity=72 is_open=False hour_summary=Closed until 8:00am
[2026-09-19 03:00:46] Outback Climbing Center: 7% (Closed) people=2 capacity=30 is_open=False hour_summary=Closed until 2:00pm
[2026-09-19 03:00:46] RIMAC Fitness Gym: 0% (Closed) people=0 capacity=65 is_open=False hour_summary=Closed until 8:00am
[2026-09-19 03:00:46] Triton Esports Center: 0% (Closed) people=0 capacity=35 is_open=False hour_summary=closed
[2026-09-19 03:00:46] === SCRAPE END OK ===
[2026-09-19 03:15:02] === SCRAPE START ===
[2026-09-19 03:15:02] Fetching https://waitz.io/live/ucsd-rec
[2026-09-19 03:15:03] Saved 4 rows to ucsd_occupancy_history.csv
[2026-09-19 03:15:03] Main Gym Fitness Gym: 1% (Closed) people=1 capacity=72 is_open=False hour_summary=Closed until 8:00am
[2026-09-19 03:15:03] Outback Climbing Center: 3% (Closed) people=1 capacity=30 is_open=False hour_summary=Closed until 2:00pm
[2026-09-19 03:15:03] RIMAC Fitness Gym: 0% (Closed) people=0 capacity=65 is_open=False hour_summary=Closed until 8:00am
[2026-09-19 03:15:03] Triton Esports Center: 0% (Closed) people=0 capacity=35 is_open=False hour_summary=closed
[2026-09-19 03:15:03] === SCRAPE END OK ===
[2026-09-19 03:15:45] === SCRAPE START ===
[2026-09-19 03:15:45] Fetching https://waitz.io/live/ucsd-rec
[2026-09-19 03:15:46] Saved 4 rows to ucsd_occupancy_history.csv
[2026-09-19 03:15:46] Main Gym Fitness Gym: 1% (Closed) people=1 capacity=72 is_open=False hour_summary=Closed until 8:00am
[2026-09-19 03:15:46] Outback Climbing Center: 3% (Closed) people=1 capacity=30 is_open=False hour_summary=Closed until 2:00pm
[2026-09-19 03:15:46] RIMAC Fitness Gym: 0% (Closed) people=0 capacity=65 is_open=False hour_summary=Closed until 8:00am
[2026-09-19 03:15:46] Triton Esports Center: 0% (Closed) people=0 capacity=35 is_open=False hour_summary=closed
[2026-09-19 03:15:46] === SCRAPE END OK ===
[2026-09-19 03:30:02] === SCRAPE START ===
[2026-09-19 03:30:02] Fetching https://waitz.io/live/ucsd-rec
[2026-09-19 03:30:03] Saved 4 rows to ucsd_occupancy_history.csv
[2026-09-19 03:30:03] Main Gym Fitness Gym: 1% (Closed) people=1 capacity=72 is_open=False hour_summary=Closed until 8:00am
[2026-09-19 03:30:03] Outback Climbing Center: 3% (Closed) people=1 capacity=30 is_open=False hour_summary=Closed until 2:00pm
[2026-09-19 03:30:03] RIMAC Fitness Gym: 0% (Closed) people=0 capacity=65 is_open=False hour_summary=Closed until 8:00am
[2026-09-19 03:30:03] Triton Esports Center: 0% (Closed) people=0 capacity=35 is_open=False hour_summary=closed
[2026-09-19 03:30:03] === SCRAPE END OK ===
[2026-09-19 03:30:45] === SCRAPE START ===
[2026-09-19 03:30:45] Fetching https://waitz.io/live/ucsd-rec
[2026-09-19 03:30:46] Saved 4 rows to ucsd_occupancy_history.csv
[2026-09-19 03:30:46] Main Gym Fitness Gym: 1% (Closed) people=1 capacity=72 is_open=False hour_summary=Closed until 8:00am
[2026-09-19 03:30:46] Outback Climbing Center: 3% (Closed) people=1 capacity=30 is_open=False hour_summary=Closed until 2:00pm
[2026-09-19 03:30:46] RIMAC Fitness Gym: 0% (Closed) people=0 capacity=65 is_open=False hour_summary=Closed until 8:00am
[2026-09-19 03:30:46] Triton Esports Center: 0% (Closed) people=0 capacity=35 is_open=False hour_summary=closed
[2026-09-19 03:30:46] === SCRAPE END OK ===
[2026-09-19 03:45:02] === SCRAPE START ===
[2026-09-19 03:45:02] Fetching https://waitz.io/live/ucsd-rec
[2026-09-19 03:45:03] Saved 4 rows to ucsd_occupancy_history.csv
[2026-09-19 03:45:03] Main Gym Fitness Gym: 1% (Closed) people=1 capacity=72 is_open=False hour_summary=Closed until 8:00am
[2026-09-19 03:45:03] Outback Climbing Center: 10% (Closed) people=3 capacity=30 is_open=False hour_summary=Closed until 2:00pm
[2026-09-19 03:45:03] RIMAC Fitness Gym: 0% (Closed) people=0 capacity=65 is_open=False hour_summary=Closed until 8:00am
[2026-09-19 03:45:03] Triton Esports Center: 0% (Closed) people=0 capacity=35 is_open=False hour_summary=closed
[2026-09-19 03:45:03] === SCRAPE END OK ===
[2026-09-19 03:45:45] === SCRAPE START ===
[2026-09-19 03:45:45] Fetching https://waitz.io/live/ucsd-rec
[2026-09-19 03:45:46] Saved 4 rows to ucsd_occupancy_history.csv
[2026-09-19 03:45:46] Main Gym Fitness Gym: 1% (Closed) people=1 capacity=72 is_open=False hour_summary=Closed until 8:00am
[2026-09-19 03:45:46] Outback Climbing Center: 10% (Closed) people=3 capacity=30 is_open=False hour_summary=Closed until 2:00pm
[2026-09-19 03:45:46] RIMAC Fitness Gym: 0% (Closed) people=0 capacity=65 is_open=False hour_summary=Closed until 8:00am
[2026-09-19 03:45:46] Triton Esports Center: 0% (Closed) people=0 capacity=35 is_open=False hour_summary=closed
[2026-09-19 03:45:46] === SCRAPE END OK ===
[2026-09-19 04:00:02] === SCRAPE START ===
[2026-09-19 04:00:02] Fetching https://waitz.io/live/ucsd-rec
[2026-09-19 04:00:03] Saved 4 rows to ucsd_occupancy_history.csv
[2026-09-19 04:00:03] Main Gym Fitness Gym: 1% (Closed) people=1 capacity=72 is_open=False hour_summary=Closed until 8:00am
[2026-09-19 04:00:03] Outback Climbing Center: 7% (Closed) people=2 capacity=30 is_open=False hour_summary=Closed until 2:00pm
[2026-09-19 04:00:03] RIMAC Fitness Gym: 0% (Closed) people=0 capacity=65 is_open=False hour_summary=Closed until 8:00am
[2026-09-19 04:00:03] Triton Esports Center: 0% (Closed) people=0 capacity=35 is_open=False hour_summary=closed
[2026-09-19 04:00:03] === SCRAPE END OK ===
[2026-09-19 04:00:45] === SCRAPE START ===
[2026-09-19 04:00:45] Fetching https://waitz.io/live/ucsd-rec
[2026-09-19 04:00:46] Saved 4 rows to ucsd_occupancy_history.csv
[2026-09-19 04:00:46] Main Gym Fitness Gym: 1% (Closed) people=1 capacity=72 is_open=False hour_summary=Closed until 8:00am
[2026-09-19 04:00:46] Outback Climbing Center: 7% (Closed) people=2 capacity=30 is_open=False hour_summary=Closed until 2:00pm
[2026-09-19 04:00:46] RIMAC Fitness Gym: 0% (Closed) people=0 capacity=65 is_open=False hour_summary=Closed until 8:00am
[2026-09-19 04:00:46] Triton Esports Center: 0% (Closed) people=0 capacity=35 is_open=False hour_summary=closed
[2026-09-19 04:00:46] === SCRAPE END OK ===
[2026-09-19 04:15:02] === SCRAPE START ===
[2026-09-19 04:15:02] Fetching https://waitz.io/live/ucsd-rec
[2026-09-19 04:15:03] Saved 4 rows to ucsd_occupancy_history.csv
[2026-09-19 04:15:03] Main Gym Fitness Gym: 1% (Closed) people=1 capacity=72 is_open=False hour_summary=Closed until 8:00am
[2026-09-19 04:15:03] Outback Climbing Center: 3% (Closed) people=1 capacity=30 is_open=False hour_summary=Closed until 2:00pm
[2026-09-19 04:15:03] RIMAC Fitness Gym: 0% (Closed) people=0 capacity=65 is_open=False hour_summary=Closed until 8:00am
[2026-09-19 04:15:03] Triton Esports Center: 0% (Closed) people=0 capacity=35 is_open=False hour_summary=closed
[2026-09-19 04:15:03] === SCRAPE END OK ===
[2026-09-19 04:15:45] === SCRAPE START ===
[2026-09-19 04:15:45] Fetching https://waitz.io/live/ucsd-rec
[2026-09-19 04:15:46] Saved 4 rows to ucsd_occupancy_history.csv
[2026-09-19 04:15:46] Main Gym Fitness Gym: 1% (Closed) people=1 capacity=72 is_open=False hour_summary=Closed until 8:00am
[2026-09-19 04:15:46] Outback Climbing Center: 3% (Closed) people=1 capacity=30 is_open=False hour_summary=Closed until 2:00pm
[2026-09-19 04:15:46] RIMAC Fitness Gym: 0% (Closed) people=0 capacity=65 is_open=False hour_summary=Closed until 8:00am
[2026-09-19 04:15:46] Triton Esports Center: 0% (Closed) people=0 capacity=35 is_open=False hour_summary=closed
[2026-09-19 04:15:46] === SCRAPE END OK ===
[2026-09-19 04:30:02] === SCRAPE START ===
[2026-09-19 04:30:02] Fetching https://waitz.io/live/ucsd-rec
[2026-09-19 04:30:03] Saved 4 rows to ucsd_occupancy_history.csv
[2026-09-19 04:30:03] Main Gym Fitness Gym: 1% (Closed) people=1 capacity=72 is_open=False hour_summary=Closed until 8:00am
[2026-09-19 04:30:03] Outback Climbing Center: 7% (Closed) people=2 capacity=30 is_open=False hour_summary=Closed until 2:00pm
[2026-09-19 04:30:03] RIMAC Fitness Gym: 0% (Closed) people=0 capacity=65 is_open=False hour_summary=Closed until 8:00am
[2026-09-19 04:30:03] Triton Esports Center: 0% (Closed) people=0 capacity=35 is_open=False hour_summary=closed
[2026-09-19 04:30:03] === SCRAPE END OK ===
[2026-09-19 04:30:45] === SCRAPE START ===
[2026-09-19 04:30:45] Fetching https://waitz.io/live/ucsd-rec
[2026-09-19 04:30:46] Saved 4 rows to ucsd_occupancy_history.csv
[2026-09-19 04:30:46] Main Gym Fitness Gym: 1% (Closed) people=1 capacity=72 is_open=False hour_summary=Closed until 8:00am
[2026-09-19 04:30:46] Outback Climbing Center: 7% (Closed) people=2 capacity=30 is_open=False hour_summary=Closed until 2:00pm
[2026-09-19 04:30:46] RIMAC Fitness Gym: 0% (Closed) people=0 capacity=65 is_open=False hour_summary=Closed until 8:00am
[2026-09-19 04:30:46] Triton Esports Center: 0% (Closed) people=0 capacity=35 is_open=False hour_summary=closed
[2026-09-19 04:30:46] === SCRAPE END OK ===
[2026-09-19 04:45:02] === SCRAPE START ===
[2026-09-19 04:45:02] Fetching https://waitz.io/live/ucsd-rec
[2026-09-19 04:45:03] Saved 4 rows to ucsd_occupancy_history.csv
[2026-09-19 04:45:03] Main Gym Fitness Gym: 1% (Closed) people=1 capacity=72 is_open=False hour_summary=Closed until 8:00am
[2026-09-19 04:45:03] Outback Climbing Center: 10% (Closed) people=3 capacity=30 is_open=False hour_summary=Closed until 2:00pm
[2026-09-19 04:45:03] RIMAC Fitness Gym: 0% (Closed) people=0 capacity=65 is_open=False hour_summary=Closed until 8:00am
[2026-09-19 04:45:03] Triton Esports Center: 0% (Closed) people=0 capacity=35 is_open=False hour_summary=closed
[2026-09-19 04:45:03] === SCRAPE END OK ===
[2026-09-19 04:45:45] === SCRAPE START ===
[2026-09-19 04:45:45] Fetching https://waitz.io/live/ucsd-rec
[2026-09-19 04:45:46] Saved 4 rows to ucsd_occupancy_history.csv
[2026-09-19 04:45:46] Main Gym Fitness Gym: 1% (Closed) people=1 capacity=72 is_open=False hour_summary=Closed until 8:00am
[2026-09-19 04:45:46] Outback Climbing Center: 10% (Closed) people=3 capacity=30 is_open=False hour_summary=Closed until 2:00pm
[2026-09-19 04:45:46] RIMAC Fitness Gym: 0% (Closed) people=0 capacity=65 is_open=False hour_summary=Closed until 8:00am
[2026-09-19 04:45:46] Triton Esports Center: 0% (Closed) people=0 capacity=35 is_open=False hour_summary=closed
[2026-09-19 04:45:46] === SCRAPE END OK ===
[2026-09-19 05:00:02] === SCRAPE START ===
[2026-09-19 05:00:02] Fetching https://waitz.io/live/ucsd-rec
[2026-09-19 05:00:04] Saved 4 rows to ucsd_occupancy_history.csv
[2026-09-19 05:00:04] Main Gym Fitness Gym: 1% (Closed) people=1 capacity=72 is_open=False hour_summary=Closed until 8:00am
[2026-09-19 05:00:04] Outback Climbing Center: 3% (Closed) people=1 capacity=30 is_open=False hour_summary=Closed until 2:00pm
[2026-09-19 05:00:04] RIMAC Fitness Gym: 0% (Closed) people=0 capacity=65 is_open=False hour_summary=Closed until 8:00am
[2026-09-19 05:00:04] Triton Esports Center: 0% (Closed) people=0 capacity=35 is_open=False hour_summary=closed
[2026-09-19 05:00:04] === SCRAPE END OK ===
[2026-09-19 05:00:45] === SCRAPE START ===
[2026-09-19 05:00:45] Fetching https://waitz.io/live/ucsd-rec
[2026-09-19 05:00:46] Saved 4 rows to ucsd_occupancy_history.csv
[2026-09-19 05:00:46] Main Gym Fitness Gym: 1% (Closed) people=1 capacity=72 is_open=False hour_summary=Closed until 8:00am
[2026-09-19 05:00:46] Outback Climbing Center: 3% (Closed) people=1 capacity=30 is_open=False hour_summary=Closed until 2:00pm
[2026-09-19 05:00:46] RIMAC Fitness Gym: 0% (Closed) people=0 capacity=65 is_open=False hour_summary=Closed until 8:00am
[2026-09-19 05:00:46] Triton Esports Center: 0% (Closed) people=0 capacity=35 is_open=False hour_summary=closed
[2026-09-19 05:00:46] === SCRAPE END OK ===
[2026-09-19 05:15:02] === SCRAPE START ===
[2026-09-19 05:15:02] Fetching https://waitz.io/live/ucsd-rec
[2026-09-19 05:15:03] Saved 4 rows to ucsd_occupancy_history.csv
[2026-09-19 05:15:03] Main Gym Fitness Gym: 1% (Closed) people=1 capacity=72 is_open=False hour_summary=Closed until 8:00am
[2026-09-19 05:15:03] Outback Climbing Center: 7% (Closed) people=2 capacity=30 is_open=False hour_summary=Closed until 2:00pm
[2026-09-19 05:15:03] RIMAC Fitness Gym: 0% (Closed) people=0 capacity=65 is_open=False hour_summary=Closed until 8:00am
[2026-09-19 05:15:03] Triton Esports Center: 0% (Closed) people=0 capacity=35 is_open=False hour_summary=closed
[2026-09-19 05:15:03] === SCRAPE END OK ===
[2026-09-19 05:15:45] === SCRAPE START ===
[2026-09-19 05:15:45] Fetching https://waitz.io/live/ucsd-rec
[2026-09-19 05:15:46] Saved 4 rows to ucsd_occupancy_history.csv
[2026-09-19 05:15:46] Main Gym Fitness Gym: 1% (Closed) people=1 capacity=72 is_open=False hour_summary=Closed until 8:00am
[2026-09-19 05:15:46] Outback Climbing Center: 7% (Closed) people=2 capacity=30 is_open=False hour_summary=Closed until 2:00pm
[2026-09-19 05:15:46] RIMAC Fitness Gym: 0% (Closed) people=0 capacity=65 is_open=False hour_summary=Closed until 8:00am
[2026-09-19 05:15:46] Triton Esports Center: 0% (Closed) people=0 capacity=35 is_open=False hour_summary=closed
[2026-09-19 05:15:46] === SCRAPE END OK ===
[2026-09-19 05:30:02] === SCRAPE START ===
[2026-09-19 05:30:02] Fetching https://waitz.io/live/ucsd-rec
[2026-09-19 05:30:03] Saved 4 rows to ucsd_occupancy_history.csv
[2026-09-19 05:30:03] Main Gym Fitness Gym: 1% (Closed) people=1 capacity=72 is_open=False hour_summary=Closed until 8:00am
[2026-09-19 05:30:03] Outback Climbing Center: 3% (Closed) people=1 capacity=30 is_open=False hour_summary=Closed until 2:00pm
[2026-09-19 05:30:03] RIMAC Fitness Gym: 0% (Closed) people=0 capacity=65 is_open=False hour_summary=Closed until 8:00am
[2026-09-19 05:30:03] Triton Esports Center: 0% (Closed) people=0 capacity=35 is_open=False hour_summary=closed
[2026-09-19 05:30:03] === SCRAPE END OK ===
[2026-09-19 05:30:45] === SCRAPE START ===
[2026-09-19 05:30:45] Fetching https://waitz.io/live/ucsd-rec
[2026-09-19 05:30:46] Saved 4 rows to ucsd_occupancy_history.csv
[2026-09-19 05:30:46] Main Gym Fitness Gym: 1% (Closed) people=1 capacity=72 is_open=False hour_summary=Closed until 8:00am
[2026-09-19 05:30:46] Outback Climbing Center: 7% (Closed) people=2 capacity=30 is_open=False hour_summary=Closed until 2:00pm
[2026-09-19 05:30:46] RIMAC Fitness Gym: 0% (Closed) people=0 capacity=65 is_open=False hour_summary=Closed until 8:00am
[2026-09-19 05:30:46] Triton Esports Center: 0% (Closed) people=0 capacity=35 is_open=False hour_summary=closed
[2026-09-19 05:30:46] === SCRAPE END OK ===
[2026-09-19 05:45:02] === SCRAPE START ===
[2026-09-19 05:45:02] Fetching https://waitz.io/live/ucsd-rec
[2026-09-19 05:45:03] Saved 4 rows to ucsd_occupancy_history.csv
[2026-09-19 05:45:03] Main Gym Fitness Gym: 1% (Closed) people=1 capacity=72 is_open=False hour_summary=Closed until 8:00am
[2026-09-19 05:45:03] Outback Climbing Center: 10% (Closed) people=3 capacity=30 is_open=False hour_summary=Closed until 2:00pm
[2026-09-19 05:45:03] RIMAC Fitness Gym: 0% (Closed) people=0 capacity=65 is_open=False hour_summary=Closed until 8:00am
[2026-09-19 05:45:03] Triton Esports Center: 0% (Closed) people=0 capacity=35 is_open=False hour_summary=closed
[2026-09-19 05:45:03] === SCRAPE END OK ===
[2026-09-19 05:45:45] === SCRAPE START ===
[2026-09-19 05:45:45] Fetching https://waitz.io/live/ucsd-rec
[2026-09-19 05:45:46] Saved 4 rows to ucsd_occupancy_history.csv
[2026-09-19 05:45:46] Main Gym Fitness Gym: 1% (Closed) people=1 capacity=72 is_open=False hour_summary=Closed until 8:00am
[2026-09-19 05:45:46] Outback Climbing Center: 7% (Closed) people=2 capacity=30 is_open=False hour_summary=Closed until 2:00pm
[2026-09-19 05:45:46] RIMAC Fitness Gym: 0% (Closed) people=0 capacity=65 is_open=False hour_summary=Closed until 8:00am
[2026-09-19 05:45:46] Triton Esports Center: 0% (Closed) people=0 capacity=35 is_open=False hour_summary=closed
[2026-09-19 05:45:46] === SCRAPE END OK ===
[2026-09-19 06:00:02] === SCRAPE START ===
[2026-09-19 06:00:02] Fetching https://waitz.io/live/ucsd-rec
[2026-09-19 06:00:03] Saved 4 rows to ucsd_occupancy_history.csv
[2026-09-19 06:00:03] Main Gym Fitness Gym: 1% (Closed) people=1 capacity=72 is_open=False hour_summary=Closed until 8:00am
[2026-09-19 06:00:03] Outback Climbing Center: 3% (Closed) people=1 capacity=30 is_open=False hour_summary=Closed until 2:00pm
[2026-09-19 06:00:03] RIMAC Fitness Gym: 0% (Closed) people=0 capacity=65 is_open=False hour_summary=Closed until 8:00am
[2026-09-19 06:00:03] Triton Esports Center: 0% (Closed) people=0 capacity=35 is_open=False hour_summary=closed
[2026-09-19 06:00:03] === SCRAPE END OK ===
[2026-09-19 06:00:45] === SCRAPE START ===
[2026-09-19 06:00:45] Fetching https://waitz.io/live/ucsd-rec
[2026-09-19 06:00:46] Saved 4 rows to ucsd_occupancy_history.csv
[2026-09-19 06:00:46] Main Gym Fitness Gym: 1% (Closed) people=1 capacity=72 is_open=False hour_summary=Closed until 8:00am
[2026-09-19 06:00:46] Outback Climbing Center: 3% (Closed) people=1 capacity=30 is_open=False hour_summary=Closed until 2:00pm
[2026-09-19 06:00:46] RIMAC Fitness Gym: 0% (Closed) people=0 capacity=65 is_open=False hour_summary=Closed until 8:00am
[2026-09-19 06:00:46] Triton Esports Center: 0% (Closed) people=0 capacity=35 is_open=False hour_summary=closed
[2026-09-19 06:00:46] === SCRAPE END OK ===
[2026-09-19 06:15:02] === SCRAPE START ===
[2026-09-19 06:15:02] Fetching https://waitz.io/live/ucsd-rec
[2026-09-19 06:15:03] Saved 4 rows to ucsd_occupancy_history.csv
[2026-09-19 06:15:03] Main Gym Fitness Gym: 1% (Closed) people=1 capacity=72 is_open=False hour_summary=Closed until 8:00am
[2026-09-19 06:15:03] Outback Climbing Center: 7% (Closed) people=2 capacity=30 is_open=False hour_summary=Closed until 2:00pm
[2026-09-19 06:15:03] RIMAC Fitness Gym: 0% (Closed) people=0 capacity=65 is_open=False hour_summary=Closed until 8:00am
[2026-09-19 06:15:03] Triton Esports Center: 0% (Closed) people=0 capacity=35 is_open=False hour_summary=closed
[2026-09-19 06:15:03] === SCRAPE END OK ===
[2026-09-19 06:15:45] === SCRAPE START ===
[2026-09-19 06:15:45] Fetching https://waitz.io/live/ucsd-rec
[2026-09-19 06:15:46] Saved 4 rows to ucsd_occupancy_history.csv
[2026-09-19 06:15:46] Main Gym Fitness Gym: 1% (Closed) people=1 capacity=72 is_open=False hour_summary=Closed until 8:00am
[2026-09-19 06:15:46] Outback Climbing Center: 7% (Closed) people=2 capacity=30 is_open=False hour_summary=Closed until 2:00pm
[2026-09-19 06:15:46] RIMAC Fitness Gym: 0% (Closed) people=0 capacity=65 is_open=False hour_summary=Closed until 8:00am
[2026-09-19 06:15:46] Triton Esports Center: 0% (Closed) people=0 capacity=35 is_open=False hour_summary=closed
[2026-09-19 06:15:46] === SCRAPE END OK ===
[2026-09-19 06:30:02] === SCRAPE START ===
[2026-09-19 06:30:02] Fetching https://waitz.io/live/ucsd-rec
[2026-09-19 06:30:03] Saved 4 rows to ucsd_occupancy_history.csv
[2026-09-19 06:30:03] Main Gym Fitness Gym: 1% (Closed) people=1 capacity=72 is_open=False hour_summary=Closed until 8:00am
[2026-09-19 06:30:03] Outback Climbing Center: 10% (Closed) people=3 capacity=30 is_open=False hour_summary=Closed until 2:00pm
[2026-09-19 06:30:03] RIMAC Fitness Gym: 0% (Closed) people=0 capacity=65 is_open=False hour_summary=Closed until 8:00am
[2026-09-19 06:30:03] Triton Esports Center: 0% (Closed) people=0 capacity=35 is_open=False hour_summary=closed
[2026-09-19 06:30:03] === SCRAPE END OK ===
[2026-09-19 06:30:45] === SCRAPE START ===
[2026-09-19 06:30:45] Fetching https://waitz.io/live/ucsd-rec
[2026-09-19 06:30:46] Saved 4 rows to ucsd_occupancy_history.csv
[2026-09-19 06:30:46] Main Gym Fitness Gym: 1% (Closed) people=1 capacity=72 is_open=False hour_summary=Closed until 8:00am
[2026-09-19 06:30:46] Outback Climbing Center: 10% (Closed) people=3 capacity=30 is_open=False hour_summary=Closed until 2:00pm
[2026-09-19 06:30:46] RIMAC Fitness Gym: 0% (Closed) people=0 capacity=65 is_open=False hour_summary=Closed until 8:00am
[2026-09-19 06:30:46] Triton Esports Center: 0% (Closed) people=0 capacity=35 is_open=False hour_summary=closed
[2026-09-19 06:30:46] === SCRAPE END OK ===
[2026-09-19 06:45:02] === SCRAPE START ===
[2026-09-19 06:45:02] Fetching https://waitz.io/live/ucsd-rec
[2026-09-19 06:45:03] Saved 4 rows to ucsd_occupancy_history.csv
[2026-09-19 06:45:03] Main Gym Fitness Gym: 1% (Closed) people=1 capacity=72 is_open=False hour_summary=Closed until 8:00am
[2026-09-19 06:45:03] Outback Climbing Center: 10% (Closed) people=3 capacity=30 is_open=False hour_summary=Closed until 2:00pm
[2026-09-19 06:45:03] RIMAC Fitness Gym: 0% (Closed) people=0 capacity=65 is_open=False hour_summary=Closed until 8:00am
[2026-09-19 06:45:03] Triton Esports Center: 0% (Closed) people=0 capacity=35 is_open=False hour_summary=closed
[2026-09-19 06:45:03] === SCRAPE END OK ===
[2026-09-19 06:45:45] === SCRAPE START ===
[2026-09-19 06:45:45] Fetching https://waitz.io/live/ucsd-rec
[2026-09-19 06:45:46] Saved 4 rows to ucsd_occupancy_history.csv
[2026-09-19 06:45:46] Main Gym Fitness Gym: 1% (Closed) people=1 capacity=72 is_open=False hour_summary=Closed until 8:00am
[2026-09-19 06:45:46] Outback Climbing Center: 10% (Closed) people=3 capacity=30 is_open=False hour_summary=Closed until 2:00pm
[2026-09-19 06:45:46] RIMAC Fitness Gym: 0% (Closed) people=0 capacity=65 is_open=False hour_summary=Closed until 8:00am
[2026-09-19 06:45:46] Triton Esports Center: 0% (Closed) people=0 capacity=35 is_open=False hour_summary=closed
[2026-09-19 06:45:46] === SCRAPE END OK ===
[2026-09-19 07:00:02] === SCRAPE START ===
[2026-09-19 07:00:02] Fetching https://waitz.io/live/ucsd-rec
[2026-09-19 07:00:03] Saved 4 rows to ucsd_occupancy_history.csv
[2026-09-19 07:00:03] Main Gym Fitness Gym: 1% (Closed) people=1 capacity=72 is_open=False hour_summary=Closed until 8:00am
[2026-09-19 07:00:03] Outback Climbing Center: 7% (Closed) people=2 capacity=30 is_open=False hour_summary=Closed until 2:00pm
[2026-09-19 07:00:03] RIMAC Fitness Gym: 0% (Closed) people=0 capacity=65 is_open=False hour_summary=Closed until 8:00am
[2026-09-19 07:00:03] Triton Esports Center: 0% (Closed) people=0 capacity=35 is_open=False hour_summary=closed
[2026-09-19 07:00:03] === SCRAPE END OK ===
[2026-09-19 07:00:45] === SCRAPE START ===
[2026-09-19 07:00:45] Fetching https://waitz.io/live/ucsd-rec
[2026-09-19 07:00:46] Saved 4 rows to ucsd_occupancy_history.csv
[2026-09-19 07:00:46] Main Gym Fitness Gym: 1% (Closed) people=1 capacity=72 is_open=False hour_summary=Closed until 8:00am
[2026-09-19 07:00:46] Outback Climbing Center: 7% (Closed) people=2 capacity=30 is_open=False hour_summary=Closed until 2:00pm
[2026-09-19 07:00:46] RIMAC Fitness Gym: 0% (Closed) people=0 capacity=65 is_open=False hour_summary=Closed until 8:00am
[2026-09-19 07:00:46] Triton Esports Center: 0% (Closed) people=0 capacity=35 is_open=False hour_summary=closed
[2026-09-19 07:00:46] === SCRAPE END OK ===
[2026-09-19 07:15:02] === SCRAPE START ===
[2026-09-19 07:15:02] Fetching https://waitz.io/live/ucsd-rec
[2026-09-19 07:15:03] Saved 4 rows to ucsd_occupancy_history.csv
[2026-09-19 07:15:03] Main Gym Fitness Gym: 1% (Closed) people=1 capacity=72 is_open=False hour_summary=Closed until 8:00am
[2026-09-19 07:15:03] Outback Climbing Center: 10% (Closed) people=3 capacity=30 is_open=False hour_summary=Closed until 2:00pm
[2026-09-19 07:15:03] RIMAC Fitness Gym: 0% (Closed) people=0 capacity=65 is_open=False hour_summary=Closed until 8:00am
[2026-09-19 07:15:03] Triton Esports Center: 0% (Closed) people=0 capacity=35 is_open=False hour_summary=closed
[2026-09-19 07:15:03] === SCRAPE END OK ===
[2026-09-19 07:15:45] === SCRAPE START ===
[2026-09-19 07:15:45] Fetching https://waitz.io/live/ucsd-rec
[2026-09-19 07:15:46] Saved 4 rows to ucsd_occupancy_history.csv
[2026-09-19 07:15:46] Main Gym Fitness Gym: 1% (Closed) people=1 capacity=72 is_open=False hour_summary=Closed until 8:00am
[2026-09-19 07:15:46] Outback Climbing Center: 10% (Closed) people=3 capacity=30 is_open=False hour_summary=Closed until 2:00pm
[2026-09-19 07:15:46] RIMAC Fitness Gym: 0% (Closed) people=0 capacity=65 is_open=False hour_summary=Closed until 8:00am
[2026-09-19 07:15:46] Triton Esports Center: 0% (Closed) people=0 capacity=35 is_open=False hour_summary=closed
[2026-09-19 07:15:46] === SCRAPE END OK ===
[2026-09-19 07:30:02] === SCRAPE START ===
[2026-09-19 07:30:02] Fetching https://waitz.io/live/ucsd-rec
[2026-09-19 07:30:03] Saved 4 rows to ucsd_occupancy_history.csv
[2026-09-19 07:30:03] Main Gym Fitness Gym: 1% (Closed) people=1 capacity=72 is_open=False hour_summary=Closed until 8:00am
[2026-09-19 07:30:03] Outback Climbing Center: 13% (Closed) people=4 capacity=30 is_open=False hour_summary=Closed until 2:00pm
[2026-09-19 07:30:03] RIMAC Fitness Gym: 0% (Closed) people=0 capacity=65 is_open=False hour_summary=Closed until 8:00am
[2026-09-19 07:30:03] Triton Esports Center: 0% (Closed) people=0 capacity=35 is_open=False hour_summary=closed
[2026-09-19 07:30:03] === SCRAPE END OK ===
[2026-09-19 07:30:45] === SCRAPE START ===
[2026-09-19 07:30:45] Fetching https://waitz.io/live/ucsd-rec
[2026-09-19 07:30:46] Saved 4 rows to ucsd_occupancy_history.csv
[2026-09-19 07:30:46] Main Gym Fitness Gym: 1% (Closed) people=1 capacity=72 is_open=False hour_summary=Closed until 8:00am
[2026-09-19 07:30:46] Outback Climbing Center: 13% (Closed) people=4 capacity=30 is_open=False hour_summary=Closed until 2:00pm
[2026-09-19 07:30:46] RIMAC Fitness Gym: 0% (Closed) people=0 capacity=65 is_open=False hour_summary=Closed until 8:00am
[2026-09-19 07:30:46] Triton Esports Center: 0% (Closed) people=0 capacity=35 is_open=False hour_summary=closed
[2026-09-19 07:30:46] === SCRAPE END OK ===
[2026-09-19 07:45:02] === SCRAPE START ===
[2026-09-19 07:45:02] Fetching https://waitz.io/live/ucsd-rec
[2026-09-19 07:45:03] Saved 4 rows to ucsd_occupancy_history.csv
[2026-09-19 07:45:03] Main Gym Fitness Gym: 1% (Closed) people=1 capacity=72 is_open=False hour_summary=Closed until 8:00am
[2026-09-19 07:45:03] Outback Climbing Center: 13% (Closed) people=4 capacity=30 is_open=False hour_summary=Closed until 2:00pm
[2026-09-19 07:45:03] RIMAC Fitness Gym: 0% (Closed) people=0 capacity=65 is_open=False hour_summary=Closed until 8:00am
[2026-09-19 07:45:03] Triton Esports Center: 0% (Closed) people=0 capacity=35 is_open=False hour_summary=closed
[2026-09-19 07:45:03] === SCRAPE END OK ===
[2026-09-19 07:45:45] === SCRAPE START ===
[2026-09-19 07:45:45] Fetching https://waitz.io/live/ucsd-rec
[2026-09-19 07:45:46] Saved 4 rows to ucsd_occupancy_history.csv
[2026-09-19 07:45:46] Main Gym Fitness Gym: 1% (Closed) people=1 capacity=72 is_open=False hour_summary=Closed until 8:00am
[2026-09-19 07:45:46] Outback Climbing Center: 13% (Closed) people=4 capacity=30 is_open=False hour_summary=Closed until 2:00pm
[2026-09-19 07:45:46] RIMAC Fitness Gym: 0% (Closed) people=0 capacity=65 is_open=False hour_summary=Closed until 8:00am
[2026-09-19 07:45:46] Triton Esports Center: 0% (Closed) people=0 capacity=35 is_open=False hour_summary=closed
[2026-09-19 07:45:46] === SCRAPE END OK ===
[2026-09-19 08:00:02] === SCRAPE START ===
[2026-09-19 08:00:02] Fetching https://waitz.io/live/ucsd-rec
[2026-09-19 08:00:03] Saved 4 rows to ucsd_occupancy_history.csv
[2026-09-19 08:00:03] Main Gym Fitness Gym: 3% (Not Busy) people=2 capacity=72 is_open=True hour_summary=open
[2026-09-19 08:00:03] Outback Climbing Center: 17% (Closed) people=5 capacity=30 is_open=False hour_summary=Closed until 2:00pm
[2026-09-19 08:00:03] RIMAC Fitness Gym: 0% (Not Busy) people=0 capacity=65 is_open=True hour_summary=open
[2026-09-19 08:00:03] Triton Esports Center: 0% (Closed) people=0 capacity=35 is_open=False hour_summary=closed
[2026-09-19 08:00:03] === SCRAPE END OK ===
[2026-09-19 08:00:45] === SCRAPE START ===
[2026-09-19 08:00:45] Fetching https://waitz.io/live/ucsd-rec
[2026-09-19 08:00:46] Saved 4 rows to ucsd_occupancy_history.csv
[2026-09-19 08:00:46] Main Gym Fitness Gym: 3% (Not Busy) people=2 capacity=72 is_open=True hour_summary=open
[2026-09-19 08:00:46] Outback Climbing Center: 17% (Closed) people=5 capacity=30 is_open=False hour_summary=Closed until 2:00pm
[2026-09-19 08:00:46] RIMAC Fitness Gym: 0% (Not Busy) people=0 capacity=65 is_open=True hour_summary=open
[2026-09-19 08:00:46] Triton Esports Center: 0% (Closed) people=0 capacity=35 is_open=False hour_summary=closed
[2026-09-19 08:00:46] === SCRAPE END OK ===
[2026-09-19 08:15:02] === SCRAPE START ===
[2026-09-19 08:15:02] Fetching https://waitz.io/live/ucsd-rec
[2026-09-19 08:15:03] Saved 4 rows to ucsd_occupancy_history.csv
[2026-09-19 08:15:03] Main Gym Fitness Gym: 28% (Not Busy) people=20 capacity=72 is_open=True hour_summary=open
[2026-09-19 08:15:03] Outback Climbing Center: 30% (Closed) people=9 capacity=30 is_open=False hour_summary=Closed until 2:00pm
[2026-09-19 08:15:03] RIMAC Fitness Gym: 25% (Not Busy) people=16 capacity=65 is_open=True hour_summary=open
[2026-09-19 08:15:03] Triton Esports Center: 0% (Closed) people=0 capacity=35 is_open=False hour_summary=closed
[2026-09-19 08:15:03] === SCRAPE END OK ===
[2026-09-19 08:15:45] === SCRAPE START ===
[2026-09-19 08:15:45] Fetching https://waitz.io/live/ucsd-rec
[2026-09-19 08:15:46] Saved 4 rows to ucsd_occupancy_history.csv
[2026-09-19 08:15:46] Main Gym Fitness Gym: 28% (Not Busy) people=20 capacity=72 is_open=True hour_summary=open
[2026-09-19 08:15:46] Outback Climbing Center: 30% (Closed) people=9 capacity=30 is_open=False hour_summary=Closed until 2:00pm
[2026-09-19 08:15:46] RIMAC Fitness Gym: 25% (Not Busy) people=16 capacity=65 is_open=True hour_summary=open
[2026-09-19 08:15:46] Triton Esports Center: 0% (Closed) people=0 capacity=35 is_open=False hour_summary=closed
[2026-09-19 08:15:46] === SCRAPE END OK ===
[2026-09-19 08:30:02] === SCRAPE START ===
[2026-09-19 08:30:02] Fetching https://waitz.io/live/ucsd-rec
[2026-09-19 08:30:03] Saved 4 rows to ucsd_occupancy_history.csv
[2026-09-19 08:30:03] Main Gym Fitness Gym: 32% (Not Busy) people=23 capacity=72 is_open=True hour_summary=open
[2026-09-19 08:30:03] Outback Climbing Center: 30% (Closed) people=9 capacity=30 is_open=False hour_summary=Closed until 2:00pm
[2026-09-19 08:30:03] RIMAC Fitness Gym: 55% (Busy) people=36 capacity=65 is_open=True hour_summary=open
[2026-09-19 08:30:03] Triton Esports Center: 0% (Closed) people=0 capacity=35 is_open=False hour_summary=closed
[2026-09-19 08:30:03] === SCRAPE END OK ===
[2026-09-19 08:30:45] === SCRAPE START ===
[2026-09-19 08:30:45] Fetching https://waitz.io/live/ucsd-rec
[2026-09-19 08:30:46] Saved 4 rows to ucsd_occupancy_history.csv
[2026-09-19 08:30:46] Main Gym Fitness Gym: 26% (Not Busy) people=19 capacity=72 is_open=True hour_summary=open
[2026-09-19 08:30:46] Outback Climbing Center: 30% (Closed) people=9 capacity=30 is_open=False hour_summary=Closed until 2:00pm
[2026-09-19 08:30:46] RIMAC Fitness Gym: 57% (Busy) people=37 capacity=65 is_open=True hour_summary=open
[2026-09-19 08:30:46] Triton Esports Center: 0% (Closed) people=0 capacity=35 is_open=False hour_summary=closed
[2026-09-19 08:30:46] === SCRAPE END OK ===
[2026-09-19 08:45:02] === SCRAPE START ===
[2026-09-19 08:45:02] Fetching https://waitz.io/live/ucsd-rec
[2026-09-19 08:45:04] Saved 4 rows to ucsd_occupancy_history.csv
[2026-09-19 08:45:04] Main Gym Fitness Gym: 19% (Not Busy) people=14 capacity=72 is_open=True hour_summary=open
[2026-09-19 08:45:04] Outback Climbing Center: 30% (Closed) people=9 capacity=30 is_open=False hour_summary=Closed until 2:00pm
[2026-09-19 08:45:04] RIMAC Fitness Gym: 72% (Busy) people=47 capacity=65 is_open=True hour_summary=open
[2026-09-19 08:45:04] Triton Esports Center: 0% (Closed) people=0 capacity=35 is_open=False hour_summary=closed
[2026-09-19 08:45:04] === SCRAPE END OK ===
[2026-09-19 08:45:45] === SCRAPE START ===
[2026-09-19 08:45:45] Fetching https://waitz.io/live/ucsd-rec
[2026-09-19 08:45:46] Saved 4 rows to ucsd_occupancy_history.csv
[2026-09-19 08:45:46] Main Gym Fitness Gym: 19% (Not Busy) people=14 capacity=72 is_open=True hour_summary=open
[2026-09-19 08:45:46] Outback Climbing Center: 30% (Closed) people=9 capacity=30 is_open=False hour_summary=Closed until 2:00pm
[2026-09-19 08:45:46] RIMAC Fitness Gym: 72% (Busy) people=47 capacity=65 is_open=True hour_summary=open
[2026-09-19 08:45:46] Triton Esports Center: 0% (Closed) people=0 capacity=35 is_open=False hour_summary=closed
[2026-09-19 08:45:46] === SCRAPE END OK ===
[2026-09-19 09:00:02] === SCRAPE START ===
[2026-09-19 09:00:02] Fetching https://waitz.io/live/ucsd-rec
[2026-09-19 09:00:04] Saved 4 rows to ucsd_occupancy_history.csv
[2026-09-19 09:00:04] Main Gym Fitness Gym: 6% (Not Busy) people=4 capacity=72 is_open=True hour_summary=open
[2026-09-19 09:00:04] Outback Climbing Center: 13% (Closed) people=4 capacity=30 is_open=False hour_summary=Closed until 2:00pm
[2026-09-19 09:00:04] RIMAC Fitness Gym: 89% (Very Active) people=58 capacity=65 is_open=True hour_summary=open
[2026-09-19 09:00:04] Triton Esports Center: 0% (Closed) people=0 capacity=35 is_open=False hour_summary=closed
[2026-09-19 09:00:04] === SCRAPE END OK ===
[2026-09-19 09:00:45] === SCRAPE START ===
[2026-09-19 09:00:45] Fetching https://waitz.io/live/ucsd-rec
[2026-09-19 09:00:46] Saved 4 rows to ucsd_occupancy_history.csv
[2026-09-19 09:00:46] Main Gym Fitness Gym: 6% (Not Busy) people=4 capacity=72 is_open=True hour_summary=open
[2026-09-19 09:00:46] Outback Climbing Center: 13% (Closed) people=4 capacity=30 is_open=False hour_summary=Closed until 2:00pm
[2026-09-19 09:00:46] RIMAC Fitness Gym: 89% (Very Active) people=58 capacity=65 is_open=True hour_summary=open
[2026-09-19 09:00:46] Triton Esports Center: 0% (Closed) people=0 capacity=35 is_open=False hour_summary=closed
[2026-09-19 09:00:46] === SCRAPE END OK ===
[2026-09-19 09:15:02] === SCRAPE START ===
[2026-09-19 09:15:02] Fetching https://waitz.io/live/ucsd-rec
[2026-09-19 09:15:03] Saved 4 rows to ucsd_occupancy_history.csv
[2026-09-19 09:15:03] Main Gym Fitness Gym: 21% (Not Busy) people=15 capacity=72 is_open=True hour_summary=open
[2026-09-19 09:15:03] Outback Climbing Center: 17% (Closed) people=5 capacity=30 is_open=False hour_summary=Closed until 2:00pm
[2026-09-19 09:15:03] RIMAC Fitness Gym: 99% (Very Active) people=64 capacity=65 is_open=True hour_summary=open
[2026-09-19 09:15:03] Triton Esports Center: 0% (Closed) people=0 capacity=35 is_open=False hour_summary=closed
[2026-09-19 09:15:03] === SCRAPE END OK ===
[2026-09-19 09:15:45] === SCRAPE START ===
[2026-09-19 09:15:45] Fetching https://waitz.io/live/ucsd-rec
[2026-09-19 09:15:46] Saved 4 rows to ucsd_occupancy_history.csv
[2026-09-19 09:15:46] Main Gym Fitness Gym: 19% (Not Busy) people=14 capacity=72 is_open=True hour_summary=open
[2026-09-19 09:15:46] Outback Climbing Center: 20% (Closed) people=6 capacity=30 is_open=False hour_summary=Closed until 2:00pm
[2026-09-19 09:15:46] RIMAC Fitness Gym: 98% (Very Active) people=64 capacity=65 is_open=True hour_summary=open
[2026-09-19 09:15:46] Triton Esports Center: 0% (Closed) people=0 capacity=35 is_open=False hour_summary=closed
[2026-09-19 09:15:46] === SCRAPE END OK ===
[2026-09-19 09:30:02] === SCRAPE START ===
[2026-09-19 09:30:02] Fetching https://waitz.io/live/ucsd-rec
[2026-09-19 09:30:03] Saved 4 rows to ucsd_occupancy_history.csv
[2026-09-19 09:30:03] Main Gym Fitness Gym: 7% (Not Busy) people=5 capacity=72 is_open=True hour_summary=open
[2026-09-19 09:30:03] Outback Climbing Center: 20% (Closed) people=6 capacity=30 is_open=False hour_summary=Closed until 2:00pm
[2026-09-19 09:30:03] RIMAC Fitness Gym: 99% (Very Active) people=64 capacity=65 is_open=True hour_summary=open
[2026-09-19 09:30:03] Triton Esports Center: 0% (Closed) people=0 capacity=35 is_open=False hour_summary=closed
[2026-09-19 09:30:03] === SCRAPE END OK ===
[2026-09-19 09:30:45] === SCRAPE START ===
[2026-09-19 09:30:45] Fetching https://waitz.io/live/ucsd-rec
[2026-09-19 09:30:46] Saved 4 rows to ucsd_occupancy_history.csv
[2026-09-19 09:30:46] Main Gym Fitness Gym: 10% (Not Busy) people=7 capacity=72 is_open=True hour_summary=open
[2026-09-19 09:30:46] Outback Climbing Center: 20% (Closed) people=6 capacity=30 is_open=False hour_summary=Closed until 2:00pm
[2026-09-19 09:30:46] RIMAC Fitness Gym: 99% (Very Active) people=64 capacity=65 is_open=True hour_summary=open
[2026-09-19 09:30:46] Triton Esports Center: 0% (Closed) people=0 capacity=35 is_open=False hour_summary=closed
[2026-09-19 09:30:46] === SCRAPE END OK ===
[2026-09-19 09:45:02] === SCRAPE START ===
[2026-09-19 09:45:02] Fetching https://waitz.io/live/ucsd-rec
[2026-09-19 09:45:03] Saved 4 rows to ucsd_occupancy_history.csv
[2026-09-19 09:45:03] Main Gym Fitness Gym: 18% (Not Busy) people=13 capacity=72 is_open=True hour_summary=open
[2026-09-19 09:45:03] Outback Climbing Center: 23% (Closed) people=7 capacity=30 is_open=False hour_summary=Closed until 2:00pm
[2026-09-19 09:45:03] RIMAC Fitness Gym: 99% (Very Active) people=64 capacity=65 is_open=True hour_summary=open
[2026-09-19 09:45:03] Triton Esports Center: 0% (Closed) people=0 capacity=35 is_open=False hour_summary=closed
[2026-09-19 09:45:03] === SCRAPE END OK ===
[2026-09-19 09:45:45] === SCRAPE START ===
[2026-09-19 09:45:45] Fetching https://waitz.io/live/ucsd-rec
[2026-09-19 09:45:46] Saved 4 rows to ucsd_occupancy_history.csv
[2026-09-19 09:45:46] Main Gym Fitness Gym: 17% (Not Busy) people=12 capacity=72 is_open=True hour_summary=open
[2026-09-19 09:45:46] Outback Climbing Center: 20% (Closed) people=6 capacity=30 is_open=False hour_summary=Closed until 2:00pm
[2026-09-19 09:45:46] RIMAC Fitness Gym: 99% (Very Active) people=64 capacity=65 is_open=True hour_summary=open
[2026-09-19 09:45:46] Triton Esports Center: 0% (Closed) people=0 capacity=35 is_open=False hour_summary=closed
[2026-09-19 09:45:46] === SCRAPE END OK ===
[2026-09-19 10:00:02] === SCRAPE START ===
[2026-09-19 10:00:02] Fetching https://waitz.io/live/ucsd-rec
[2026-09-19 10:00:03] Saved 4 rows to ucsd_occupancy_history.csv
[2026-09-19 10:00:03] Main Gym Fitness Gym: 17% (Not Busy) people=12 capacity=72 is_open=True hour_summary=open
[2026-09-19 10:00:03] Outback Climbing Center: 13% (Closed) people=4 capacity=30 is_open=False hour_summary=Closed until 2:00pm
[2026-09-19 10:00:03] RIMAC Fitness Gym: 99% (Very Active) people=64 capacity=65 is_open=True hour_summary=open
[2026-09-19 10:00:03] Triton Esports Center: 0% (Closed) people=0 capacity=35 is_open=False hour_summary=closed
[2026-09-19 10:00:03] === SCRAPE END OK ===
[2026-09-19 10:00:45] === SCRAPE START ===
[2026-09-19 10:00:45] Fetching https://waitz.io/live/ucsd-rec
[2026-09-19 10:00:46] Saved 4 rows to ucsd_occupancy_history.csv
[2026-09-19 10:00:46] Main Gym Fitness Gym: 17% (Not Busy) people=12 capacity=72 is_open=True hour_summary=open
[2026-09-19 10:00:46] Outback Climbing Center: 13% (Closed) people=4 capacity=30 is_open=False hour_summary=Closed until 2:00pm
[2026-09-19 10:00:46] RIMAC Fitness Gym: 99% (Very Active) people=64 capacity=65 is_open=True hour_summary=open
[2026-09-19 10:00:46] Triton Esports Center: 0% (Closed) people=0 capacity=35 is_open=False hour_summary=closed
[2026-09-19 10:00:46] === SCRAPE END OK ===
[2026-09-19 10:15:02] === SCRAPE START ===
[2026-09-19 10:15:02] Fetching https://waitz.io/live/ucsd-rec
[2026-09-19 10:15:03] Saved 4 rows to ucsd_occupancy_history.csv
[2026-09-19 10:15:03] Main Gym Fitness Gym: 21% (Not Busy) people=15 capacity=72 is_open=True hour_summary=open
[2026-09-19 10:15:03] Outback Climbing Center: 20% (Closed) people=6 capacity=30 is_open=False hour_summary=Closed until 2:00pm
[2026-09-19 10:15:03] RIMAC Fitness Gym: 99% (Very Active) people=64 capacity=65 is_open=True hour_summary=open
[2026-09-19 10:15:03] Triton Esports Center: 0% (Closed) people=0 capacity=35 is_open=False hour_summary=closed
[2026-09-19 10:15:03] === SCRAPE END OK ===
[2026-09-19 10:15:45] === SCRAPE START ===
[2026-09-19 10:15:45] Fetching https://waitz.io/live/ucsd-rec
[2026-09-19 10:15:46] Saved 4 rows to ucsd_occupancy_history.csv
[2026-09-19 10:15:46] Main Gym Fitness Gym: 19% (Not Busy) people=14 capacity=72 is_open=True hour_summary=open
[2026-09-19 10:15:46] Outback Climbing Center: 20% (Closed) people=6 capacity=30 is_open=False hour_summary=Closed until 2:00pm
[2026-09-19 10:15:46] RIMAC Fitness Gym: 99% (Very Active) people=64 capacity=65 is_open=True hour_summary=open
[2026-09-19 10:15:46] Triton Esports Center: 0% (Closed) people=0 capacity=35 is_open=False hour_summary=closed
[2026-09-19 10:15:46] === SCRAPE END OK ===
[2026-09-19 10:30:02] === SCRAPE START ===
[2026-09-19 10:30:02] Fetching https://waitz.io/live/ucsd-rec
[2026-09-19 10:30:04] Saved 4 rows to ucsd_occupancy_history.csv
[2026-09-19 10:30:04] Main Gym Fitness Gym: 44% (Not Busy) people=32 capacity=72 is_open=True hour_summary=open
[2026-09-19 10:30:04] Outback Climbing Center: 20% (Closed) people=6 capacity=30 is_open=False hour_summary=Closed until 2:00pm
[2026-09-19 10:30:04] RIMAC Fitness Gym: 99% (Very Active) people=64 capacity=65 is_open=True hour_summary=open
[2026-09-19 10:30:04] Triton Esports Center: 0% (Closed) people=0 capacity=35 is_open=False hour_summary=closed
[2026-09-19 10:30:04] === SCRAPE END OK ===
[2026-09-19 10:30:45] === SCRAPE START ===
[2026-09-19 10:30:45] Fetching https://waitz.io/live/ucsd-rec
[2026-09-19 10:30:46] Saved 4 rows to ucsd_occupancy_history.csv
[2026-09-19 10:30:46] Main Gym Fitness Gym: 44% (Not Busy) people=32 capacity=72 is_open=True hour_summary=open
[2026-09-19 10:30:46] Outback Climbing Center: 20% (Closed) people=6 capacity=30 is_open=False hour_summary=Closed until 2:00pm
[2026-09-19 10:30:46] RIMAC Fitness Gym: 99% (Very Active) people=64 capacity=65 is_open=True hour_summary=open
[2026-09-19 10:30:46] Triton Esports Center: 0% (Closed) people=0 capacity=35 is_open=False hour_summary=closed
[2026-09-19 10:30:46] === SCRAPE END OK ===
[2026-09-19 10:45:02] === SCRAPE START ===
[2026-09-19 10:45:02] Fetching https://waitz.io/live/ucsd-rec
[2026-09-19 10:45:03] Saved 4 rows to ucsd_occupancy_history.csv
[2026-09-19 10:45:03] Main Gym Fitness Gym: 15% (Not Busy) people=11 capacity=72 is_open=True hour_summary=open
[2026-09-19 10:45:03] Outback Climbing Center: 17% (Closed) people=5 capacity=30 is_open=False hour_summary=Closed until 2:00pm
[2026-09-19 10:45:03] RIMAC Fitness Gym: 99% (Very Active) people=64 capacity=65 is_open=True hour_summary=open
[2026-09-19 10:45:03] Triton Esports Center: 0% (Closed) people=0 capacity=35 is_open=False hour_summary=closed
[2026-09-19 10:45:03] === SCRAPE END OK ===
[2026-09-19 10:45:45] === SCRAPE START ===
[2026-09-19 10:45:45] Fetching https://waitz.io/live/ucsd-rec
[2026-09-19 10:45:46] Saved 4 rows to ucsd_occupancy_history.csv
[2026-09-19 10:45:46] Main Gym Fitness Gym: 15% (Not Busy) people=11 capacity=72 is_open=True hour_summary=open
[2026-09-19 10:45:46] Outback Climbing Center: 17% (Closed) people=5 capacity=30 is_open=False hour_summary=Closed until 2:00pm
[2026-09-19 10:45:46] RIMAC Fitness Gym: 99% (Very Active) people=64 capacity=65 is_open=True hour_summary=open
[2026-09-19 10:45:46] Triton Esports Center: 0% (Closed) people=0 capacity=35 is_open=False hour_summary=closed
[2026-09-19 10:45:46] === SCRAPE END OK ===
[2026-09-19 11:00:02] === SCRAPE START ===
[2026-09-19 11:00:02] Fetching https://waitz.io/live/ucsd-rec
[2026-09-19 11:00:04] Saved 4 rows to ucsd_occupancy_history.csv
[2026-09-19 11:00:04] Main Gym Fitness Gym: 19% (Not Busy) people=14 capacity=72 is_open=True hour_summary=open
[2026-09-19 11:00:04] Outback Climbing Center: 13% (Closed) people=4 capacity=30 is_open=False hour_summary=Closed until 2:00pm
[2026-09-19 11:00:04] RIMAC Fitness Gym: 99% (Very Active) people=64 capacity=65 is_open=True hour_summary=open
[2026-09-19 11:00:04] Triton Esports Center: 0% (Closed) people=0 capacity=35 is_open=False hour_summary=closed
[2026-09-19 11:00:04] === SCRAPE END OK ===
[2026-09-19 11:00:45] === SCRAPE START ===
[2026-09-19 11:00:45] Fetching https://waitz.io/live/ucsd-rec
[2026-09-19 11:00:46] Saved 4 rows to ucsd_occupancy_history.csv
[2026-09-19 11:00:46] Main Gym Fitness Gym: 21% (Not Busy) people=15 capacity=72 is_open=True hour_summary=open
[2026-09-19 11:00:46] Outback Climbing Center: 10% (Closed) people=3 capacity=30 is_open=False hour_summary=Closed until 2:00pm
[2026-09-19 11:00:46] RIMAC Fitness Gym: 99% (Very Active) people=64 capacity=65 is_open=True hour_summary=open
[2026-09-19 11:00:46] Triton Esports Center: 0% (Closed) people=0 capacity=35 is_open=False hour_summary=closed
[2026-09-19 11:00:46] === SCRAPE END OK ===
[2026-09-19 11:15:02] === SCRAPE START ===
[2026-09-19 11:15:02] Fetching https://waitz.io/live/ucsd-rec
[2026-09-19 11:15:03] Saved 4 rows to ucsd_occupancy_history.csv
[2026-09-19 11:15:03] Main Gym Fitness Gym: 19% (Not Busy) people=14 capacity=72 is_open=True hour_summary=open
[2026-09-19 11:15:03] Outback Climbing Center: 27% (Closed) people=8 capacity=30 is_open=False hour_summary=Closed until 2:00pm
[2026-09-19 11:15:03] RIMAC Fitness Gym: 95% (Very Active) people=62 capacity=65 is_open=True hour_summary=open
[2026-09-19 11:15:03] Triton Esports Center: 0% (Closed) people=0 capacity=35 is_open=False hour_summary=closed
[2026-09-19 11:15:03] === SCRAPE END OK ===
[2026-09-19 11:15:45] === SCRAPE START ===
[2026-09-19 11:15:45] Fetching https://waitz.io/live/ucsd-rec
[2026-09-19 11:15:46] Saved 4 rows to ucsd_occupancy_history.csv
[2026-09-19 11:15:46] Main Gym Fitness Gym: 18% (Not Busy) people=13 capacity=72 is_open=True hour_summary=open
[2026-09-19 11:15:46] Outback Climbing Center: 27% (Closed) people=8 capacity=30 is_open=False hour_summary=Closed until 2:00pm
[2026-09-19 11:15:46] RIMAC Fitness Gym: 95% (Very Active) people=62 capacity=65 is_open=True hour_summary=open
[2026-09-19 11:15:46] Triton Esports Center: 0% (Closed) people=0 capacity=35 is_open=False hour_summary=closed
[2026-09-19 11:15:46] === SCRAPE END OK ===
[2026-09-19 11:30:02] === SCRAPE START ===
[2026-09-19 11:30:02] Fetching https://waitz.io/live/ucsd-rec
[2026-09-19 11:30:04] Saved 4 rows to ucsd_occupancy_history.csv
[2026-09-19 11:30:04] Main Gym Fitness Gym: 31% (Not Busy) people=22 capacity=72 is_open=True hour_summary=open
[2026-09-19 11:30:04] Outback Climbing Center: 23% (Closed) people=7 capacity=30 is_open=False hour_summary=Closed until 2:00pm
[2026-09-19 11:30:04] RIMAC Fitness Gym: 95% (Very Active) people=62 capacity=65 is_open=True hour_summary=open
[2026-09-19 11:30:04] Triton Esports Center: 0% (Closed) people=0 capacity=35 is_open=False hour_summary=closed
[2026-09-19 11:30:04] === SCRAPE END OK ===
[2026-09-19 11:30:46] === SCRAPE START ===
[2026-09-19 11:30:46] Fetching https://waitz.io/live/ucsd-rec
[2026-09-19 11:30:46] Saved 4 rows to ucsd_occupancy_history.csv
[2026-09-19 11:30:46] Main Gym Fitness Gym: 28% (Not Busy) people=20 capacity=72 is_open=True hour_summary=open
[2026-09-19 11:30:46] Outback Climbing Center: 23% (Closed) people=7 capacity=30 is_open=False hour_summary=Closed until 2:00pm
[2026-09-19 11:30:46] RIMAC Fitness Gym: 97% (Very Active) people=63 capacity=65 is_open=True hour_summary=open
[2026-09-19 11:30:46] Triton Esports Center: 0% (Closed) people=0 capacity=35 is_open=False hour_summary=closed
[2026-09-19 11:30:46] === SCRAPE END OK ===
[2026-09-19 11:45:02] === SCRAPE START ===
[2026-09-19 11:45:02] Fetching https://waitz.io/live/ucsd-rec
[2026-09-19 11:45:03] Saved 4 rows to ucsd_occupancy_history.csv
[2026-09-19 11:45:03] Main Gym Fitness Gym: 17% (Not Busy) people=12 capacity=72 is_open=True hour_summary=open
[2026-09-19 11:45:03] Outback Climbing Center: 20% (Closed) people=6 capacity=30 is_open=False hour_summary=Closed until 2:00pm
[2026-09-19 11:45:03] RIMAC Fitness Gym: 99% (Very Active) people=64 capacity=65 is_open=True hour_summary=open
[2026-09-19 11:45:03] Triton Esports Center: 0% (Closed) people=0 capacity=35 is_open=False hour_summary=closed
[2026-09-19 11:45:03] === SCRAPE END OK ===
[2026-09-19 11:45:45] === SCRAPE START ===
[2026-09-19 11:45:45] Fetching https://waitz.io/live/ucsd-rec
[2026-09-19 11:45:47] Saved 4 rows to ucsd_occupancy_history.csv
[2026-09-19 11:45:47] Main Gym Fitness Gym: 17% (Not Busy) people=12 capacity=72 is_open=True hour_summary=open
[2026-09-19 11:45:47] Outback Climbing Center: 20% (Closed) people=6 capacity=30 is_open=False hour_summary=Closed until 2:00pm
[2026-09-19 11:45:47] RIMAC Fitness Gym: 99% (Very Active) people=64 capacity=65 is_open=True hour_summary=open
[2026-09-19 11:45:47] Triton Esports Center: 0% (Closed) people=0 capacity=35 is_open=False hour_summary=closed
[2026-09-19 11:45:47] === SCRAPE END OK ===
[2026-09-19 12:00:02] === SCRAPE START ===
[2026-09-19 12:00:02] Fetching https://waitz.io/live/ucsd-rec
[2026-09-19 12:00:03] Saved 4 rows to ucsd_occupancy_history.csv
[2026-09-19 12:00:03] Main Gym Fitness Gym: 10% (Not Busy) people=7 capacity=72 is_open=True hour_summary=open
[2026-09-19 12:00:03] Outback Climbing Center: 23% (Closed) people=7 capacity=30 is_open=False hour_summary=Closed until 2:00pm
[2026-09-19 12:00:03] RIMAC Fitness Gym: 99% (Very Active) people=64 capacity=65 is_open=True hour_summary=open
[2026-09-19 12:00:03] Triton Esports Center: 0% (Closed) people=0 capacity=35 is_open=False hour_summary=closed
[2026-09-19 12:00:03] === SCRAPE END OK ===
[2026-09-19 12:00:45] === SCRAPE START ===
[2026-09-19 12:00:45] Fetching https://waitz.io/live/ucsd-rec
[2026-09-19 12:00:46] Saved 4 rows to ucsd_occupancy_history.csv
[2026-09-19 12:00:46] Main Gym Fitness Gym: 10% (Not Busy) people=7 capacity=72 is_open=True hour_summary=open
[2026-09-19 12:00:46] Outback Climbing Center: 23% (Closed) people=7 capacity=30 is_open=False hour_summary=Closed until 2:00pm
[2026-09-19 12:00:46] RIMAC Fitness Gym: 99% (Very Active) people=64 capacity=65 is_open=True hour_summary=open
[2026-09-19 12:00:46] Triton Esports Center: 0% (Closed) people=0 capacity=35 is_open=False hour_summary=closed
[2026-09-19 12:00:46] === SCRAPE END OK ===
[2026-09-19 12:15:02] === SCRAPE START ===
[2026-09-19 12:15:02] Fetching https://waitz.io/live/ucsd-rec
[2026-09-19 12:15:03] Saved 4 rows to ucsd_occupancy_history.csv
[2026-09-19 12:15:03] Main Gym Fitness Gym: 6% (Not Busy) people=4 capacity=72 is_open=True hour_summary=open
[2026-09-19 12:15:03] Outback Climbing Center: 27% (Closed) people=8 capacity=30 is_open=False hour_summary=Closed until 2:00pm
[2026-09-19 12:15:03] RIMAC Fitness Gym: 83% (Very Active) people=54 capacity=65 is_open=True hour_summary=open
[2026-09-19 12:15:03] Triton Esports Center: 0% (Closed) people=0 capacity=35 is_open=False hour_summary=closed
[2026-09-19 12:15:03] === SCRAPE END OK ===
[2026-09-19 12:15:45] === SCRAPE START ===
[2026-09-19 12:15:45] Fetching https://waitz.io/live/ucsd-rec
[2026-09-19 12:15:46] Saved 4 rows to ucsd_occupancy_history.csv
[2026-09-19 12:15:46] Main Gym Fitness Gym: 6% (Not Busy) people=4 capacity=72 is_open=True hour_summary=open
[2026-09-19 12:15:46] Outback Climbing Center: 27% (Closed) people=8 capacity=30 is_open=False hour_summary=Closed until 2:00pm
[2026-09-19 12:15:46] RIMAC Fitness Gym: 83% (Very Active) people=54 capacity=65 is_open=True hour_summary=open
[2026-09-19 12:15:46] Triton Esports Center: 0% (Closed) people=0 capacity=35 is_open=False hour_summary=closed
[2026-09-19 12:15:46] === SCRAPE END OK ===
[2026-09-19 12:30:02] === SCRAPE START ===
[2026-09-19 12:30:02] Fetching https://waitz.io/live/ucsd-rec
[2026-09-19 12:30:04] Saved 4 rows to ucsd_occupancy_history.csv
[2026-09-19 12:30:04] Main Gym Fitness Gym: 11% (Not Busy) people=8 capacity=72 is_open=True hour_summary=open
[2026-09-19 12:30:04] Outback Climbing Center: 33% (Closed) people=10 capacity=30 is_open=False hour_summary=Closed until 2:00pm
[2026-09-19 12:30:04] RIMAC Fitness Gym: 58% (Busy) people=38 capacity=65 is_open=True hour_summary=open
[2026-09-19 12:30:04] Triton Esports Center: 0% (Closed) people=0 capacity=35 is_open=False hour_summary=closed
[2026-09-19 12:30:04] === SCRAPE END OK ===
[2026-09-19 12:30:45] === SCRAPE START ===
[2026-09-19 12:30:45] Fetching https://waitz.io/live/ucsd-rec
[2026-09-19 12:30:46] Saved 4 rows to ucsd_occupancy_history.csv
[2026-09-19 12:30:46] Main Gym Fitness Gym: 10% (Not Busy) people=7 capacity=72 is_open=True hour_summary=open
[2026-09-19 12:30:46] Outback Climbing Center: 30% (Closed) people=9 capacity=30 is_open=False hour_summary=Closed until 2:00pm
[2026-09-19 12:30:46] RIMAC Fitness Gym: 60% (Busy) people=39 capacity=65 is_open=True hour_summary=open
[2026-09-19 12:30:46] Triton Esports Center: 0% (Closed) people=0 capacity=35 is_open=False hour_summary=closed
[2026-09-19 12:30:46] === SCRAPE END OK ===
[2026-09-19 12:45:02] === SCRAPE START ===
[2026-09-19 12:45:02] Fetching https://waitz.io/live/ucsd-rec
[2026-09-19 12:45:03] Saved 4 rows to ucsd_occupancy_history.csv
[2026-09-19 12:45:03] Main Gym Fitness Gym: 10% (Not Busy) people=7 capacity=72 is_open=True hour_summary=open
[2026-09-19 12:45:03] Outback Climbing Center: 27% (Closed) people=8 capacity=30 is_open=False hour_summary=Closed until 2:00pm
[2026-09-19 12:45:03] RIMAC Fitness Gym: 66% (Busy) people=43 capacity=65 is_open=True hour_summary=open
[2026-09-19 12:45:03] Triton Esports Center: 0% (Closed) people=0 capacity=35 is_open=False hour_summary=closed
[2026-09-19 12:45:03] === SCRAPE END OK ===
[2026-09-19 12:45:45] === SCRAPE START ===
[2026-09-19 12:45:45] Fetching https://waitz.io/live/ucsd-rec
[2026-09-19 12:45:46] Saved 4 rows to ucsd_occupancy_history.csv
[2026-09-19 12:45:46] Main Gym Fitness Gym: 11% (Not Busy) people=8 capacity=72 is_open=True hour_summary=open
[2026-09-19 12:45:46] Outback Climbing Center: 27% (Closed) people=8 capacity=30 is_open=False hour_summary=Closed until 2:00pm
[2026-09-19 12:45:46] RIMAC Fitness Gym: 66% (Busy) people=43 capacity=65 is_open=True hour_summary=open
[2026-09-19 12:45:46] Triton Esports Center: 0% (Closed) people=0 capacity=35 is_open=False hour_summary=closed
[2026-09-19 12:45:46] === SCRAPE END OK ===
[2026-09-19 13:00:02] === SCRAPE START ===
[2026-09-19 13:00:02] Fetching https://waitz.io/live/ucsd-rec
[2026-09-19 13:00:03] Saved 4 rows to ucsd_occupancy_history.csv
[2026-09-19 13:00:03] Main Gym Fitness Gym: 1% (Not Busy) people=1 capacity=72 is_open=True hour_summary=open
[2026-09-19 13:00:03] Outback Climbing Center: 33% (Closed) people=10 capacity=30 is_open=False hour_summary=Closed until 2:00pm
[2026-09-19 13:00:03] RIMAC Fitness Gym: 65% (Busy) people=42 capacity=65 is_open=True hour_summary=open
[2026-09-19 13:00:03] Triton Esports Center: 0% (Closed) people=0 capacity=35 is_open=False hour_summary=closed
[2026-09-19 13:00:03] === SCRAPE END OK ===
[2026-09-19 13:00:45] === SCRAPE START ===
[2026-09-19 13:00:45] Fetching https://waitz.io/live/ucsd-rec
[2026-09-19 13:00:46] Saved 4 rows to ucsd_occupancy_history.csv
[2026-09-19 13:00:46] Main Gym Fitness Gym: 3% (Not Busy) people=2 capacity=72 is_open=True hour_summary=open
[2026-09-19 13:00:46] Outback Climbing Center: 37% (Closed) people=11 capacity=30 is_open=False hour_summary=Closed until 2:00pm
[2026-09-19 13:00:46] RIMAC Fitness Gym: 63% (Busy) people=41 capacity=65 is_open=True hour_summary=open
[2026-09-19 13:00:46] Triton Esports Center: 0% (Closed) people=0 capacity=35 is_open=False hour_summary=closed
[2026-09-19 13:00:46] === SCRAPE END OK ===
[2026-09-19 13:15:02] === SCRAPE START ===
[2026-09-19 13:15:02] Fetching https://waitz.io/live/ucsd-rec
[2026-09-19 13:15:03] Saved 4 rows to ucsd_occupancy_history.csv
[2026-09-19 13:15:03] Main Gym Fitness Gym: 11% (Not Busy) people=8 capacity=72 is_open=True hour_summary=open
[2026-09-19 13:15:03] Outback Climbing Center: 30% (Closed) people=9 capacity=30 is_open=False hour_summary=Closed until 2:00pm
[2026-09-19 13:15:03] RIMAC Fitness Gym: 71% (Busy) people=46 capacity=65 is_open=True hour_summary=open
[2026-09-19 13:15:03] Triton Esports Center: 0% (Closed) people=0 capacity=35 is_open=False hour_summary=closed
[2026-09-19 13:15:03] === SCRAPE END OK ===
[2026-09-19 13:15:45] === SCRAPE START ===
[2026-09-19 13:15:45] Fetching https://waitz.io/live/ucsd-rec
[2026-09-19 13:15:46] Saved 4 rows to ucsd_occupancy_history.csv
[2026-09-19 13:15:46] Main Gym Fitness Gym: 11% (Not Busy) people=8 capacity=72 is_open=True hour_summary=open
[2026-09-19 13:15:46] Outback Climbing Center: 30% (Closed) people=9 capacity=30 is_open=False hour_summary=Closed until 2:00pm
[2026-09-19 13:15:46] RIMAC Fitness Gym: 71% (Busy) people=46 capacity=65 is_open=True hour_summary=open
[2026-09-19 13:15:46] Triton Esports Center: 0% (Closed) people=0 capacity=35 is_open=False hour_summary=closed
[2026-09-19 13:15:46] === SCRAPE END OK ===
[2026-09-19 13:30:02] === SCRAPE START ===
[2026-09-19 13:30:02] Fetching https://waitz.io/live/ucsd-rec
[2026-09-19 13:30:04] Saved 4 rows to ucsd_occupancy_history.csv
[2026-09-19 13:30:04] Main Gym Fitness Gym: 13% (Not Busy) people=9 capacity=72 is_open=True hour_summary=open
[2026-09-19 13:30:04] Outback Climbing Center: 37% (Closed) people=11 capacity=30 is_open=False hour_summary=Closed until 2:00pm
[2026-09-19 13:30:04] RIMAC Fitness Gym: 57% (Busy) people=37 capacity=65 is_open=True hour_summary=open
[2026-09-19 13:30:04] Triton Esports Center: 0% (Closed) people=0 capacity=35 is_open=False hour_summary=closed
[2026-09-19 13:30:04] === SCRAPE END OK ===
[2026-09-19 13:30:45] === SCRAPE START ===
[2026-09-19 13:30:45] Fetching https://waitz.io/live/ucsd-rec
[2026-09-19 13:30:46] Saved 4 rows to ucsd_occupancy_history.csv
[2026-09-19 13:30:46] Main Gym Fitness Gym: 15% (Not Busy) people=11 capacity=72 is_open=True hour_summary=open
[2026-09-19 13:30:46] Outback Climbing Center: 33% (Closed) people=10 capacity=30 is_open=False hour_summary=Closed until 2:00pm
[2026-09-19 13:30:46] RIMAC Fitness Gym: 58% (Busy) people=38 capacity=65 is_open=True hour_summary=open
[2026-09-19 13:30:46] Triton Esports Center: 0% (Closed) people=0 capacity=35 is_open=False hour_summary=closed
[2026-09-19 13:30:46] === SCRAPE END OK ===
[2026-09-19 13:45:03] === SCRAPE START ===
[2026-09-19 13:45:03] Fetching https://waitz.io/live/ucsd-rec
[2026-09-19 13:45:03] Saved 4 rows to ucsd_occupancy_history.csv
[2026-09-19 13:45:03] Main Gym Fitness Gym: 17% (Not Busy) people=12 capacity=72 is_open=True hour_summary=open
[2026-09-19 13:45:03] Outback Climbing Center: 27% (Closed) people=8 capacity=30 is_open=False hour_summary=Closed until 2:00pm
[2026-09-19 13:45:03] RIMAC Fitness Gym: 54% (Busy) people=35 capacity=65 is_open=True hour_summary=open
[2026-09-19 13:45:03] Triton Esports Center: 0% (Closed) people=0 capacity=35 is_open=False hour_summary=closed
[2026-09-19 13:45:03] === SCRAPE END OK ===
[2026-09-19 13:45:45] === SCRAPE START ===
[2026-09-19 13:45:45] Fetching https://waitz.io/live/ucsd-rec
[2026-09-19 13:45:46] Saved 4 rows to ucsd_occupancy_history.csv
[2026-09-19 13:45:46] Main Gym Fitness Gym: 17% (Not Busy) people=12 capacity=72 is_open=True hour_summary=open
[2026-09-19 13:45:46] Outback Climbing Center: 27% (Closed) people=8 capacity=30 is_open=False hour_summary=Closed until 2:00pm
[2026-09-19 13:45:46] RIMAC Fitness Gym: 54% (Busy) people=35 capacity=65 is_open=True hour_summary=open
[2026-09-19 13:45:46] Triton Esports Center: 0% (Closed) people=0 capacity=35 is_open=False hour_summary=closed
[2026-09-19 13:45:46] === SCRAPE END OK ===
[2026-09-19 14:00:02] === SCRAPE START ===
[2026-09-19 14:00:02] Fetching https://waitz.io/live/ucsd-rec
[2026-09-19 14:00:03] Saved 4 rows to ucsd_occupancy_history.csv
[2026-09-19 14:00:03] Main Gym Fitness Gym: 7% (Not Busy) people=5 capacity=72 is_open=True hour_summary=open
[2026-09-19 14:00:03] Outback Climbing Center: 17% (Closed) people=5 capacity=30 is_open=False hour_summary=Closed until 2:00pm
[2026-09-19 14:00:03] RIMAC Fitness Gym: 62% (Busy) people=40 capacity=65 is_open=True hour_summary=open
[2026-09-19 14:00:03] Triton Esports Center: 0% (Closed) people=0 capacity=35 is_open=False hour_summary=closed
[2026-09-19 14:00:03] === SCRAPE END OK ===
[2026-09-19 14:00:45] === SCRAPE START ===
[2026-09-19 14:00:45] Fetching https://waitz.io/live/ucsd-rec
[2026-09-19 14:00:46] Saved 4 rows to ucsd_occupancy_history.csv
[2026-09-19 14:00:46] Main Gym Fitness Gym: 6% (Not Busy) people=4 capacity=72 is_open=True hour_summary=open
[2026-09-19 14:00:46] Outback Climbing Center: 17% (Closed) people=5 capacity=30 is_open=False hour_summary=Closed until 2:00pm
[2026-09-19 14:00:46] RIMAC Fitness Gym: 62% (Busy) people=40 capacity=65 is_open=True hour_summary=open
[2026-09-19 14:00:46] Triton Esports Center: 0% (Closed) people=0 capacity=35 is_open=False hour_summary=closed
[2026-09-19 14:00:46] === SCRAPE END OK ===
[2026-09-19 14:15:02] === SCRAPE START ===
[2026-09-19 14:15:02] Fetching https://waitz.io/live/ucsd-rec
[2026-09-19 14:15:03] Saved 4 rows to ucsd_occupancy_history.csv
[2026-09-19 14:15:03] Main Gym Fitness Gym: 10% (Not Busy) people=7 capacity=72 is_open=True hour_summary=open
[2026-09-19 14:15:03] Outback Climbing Center: 23% (Closed) people=7 capacity=30 is_open=False hour_summary=Closed until 2:00pm
[2026-09-19 14:15:03] RIMAC Fitness Gym: 66% (Busy) people=43 capacity=65 is_open=True hour_summary=open
[2026-09-19 14:15:03] Triton Esports Center: 0% (Closed) people=0 capacity=35 is_open=False hour_summary=closed
[2026-09-19 14:15:03] === SCRAPE END OK ===
[2026-09-19 14:15:45] === SCRAPE START ===
[2026-09-19 14:15:45] Fetching https://waitz.io/live/ucsd-rec
[2026-09-19 14:15:46] Saved 4 rows to ucsd_occupancy_history.csv
[2026-09-19 14:15:46] Main Gym Fitness Gym: 8% (Not Busy) people=6 capacity=72 is_open=True hour_summary=open
[2026-09-19 14:15:46] Outback Climbing Center: 23% (Closed) people=7 capacity=30 is_open=False hour_summary=Closed until 2:00pm
[2026-09-19 14:15:46] RIMAC Fitness Gym: 66% (Busy) people=43 capacity=65 is_open=True hour_summary=open
[2026-09-19 14:15:46] Triton Esports Center: 0% (Closed) people=0 capacity=35 is_open=False hour_summary=closed
[2026-09-19 14:15:46] === SCRAPE END OK ===
[2026-09-19 14:30:02] === SCRAPE START ===
[2026-09-19 14:30:02] Fetching https://waitz.io/live/ucsd-rec
[2026-09-19 14:30:04] Saved 4 rows to ucsd_occupancy_history.csv
[2026-09-19 14:30:04] Main Gym Fitness Gym: 17% (Not Busy) people=12 capacity=72 is_open=True hour_summary=open
[2026-09-19 14:30:04] Outback Climbing Center: 20% (Closed) people=6 capacity=30 is_open=False hour_summary=Closed until 2:00pm
[2026-09-19 14:30:04] RIMAC Fitness Gym: 57% (Busy) people=37 capacity=65 is_open=True hour_summary=open
[2026-09-19 14:30:04] Triton Esports Center: 0% (Closed) people=0 capacity=35 is_open=False hour_summary=closed
[2026-09-19 14:30:04] === SCRAPE END OK ===
[2026-09-19 14:30:45] === SCRAPE START ===
[2026-09-19 14:30:45] Fetching https://waitz.io/live/ucsd-rec
[2026-09-19 14:30:46] Saved 4 rows to ucsd_occupancy_history.csv
[2026-09-19 14:30:46] Main Gym Fitness Gym: 17% (Not Busy) people=12 capacity=72 is_open=True hour_summary=open
[2026-09-19 14:30:46] Outback Climbing Center: 23% (Closed) people=7 capacity=30 is_open=False hour_summary=Closed until 2:00pm
[2026-09-19 14:30:46] RIMAC Fitness Gym: 55% (Busy) people=36 capacity=65 is_open=True hour_summary=open
[2026-09-19 14:30:46] Triton Esports Center: 0% (Closed) people=0 capacity=35 is_open=False hour_summary=closed
[2026-09-19 14:30:46] === SCRAPE END OK ===
[2026-09-19 14:45:02] === SCRAPE START ===
[2026-09-19 14:45:02] Fetching https://waitz.io/live/ucsd-rec
[2026-09-19 14:45:03] Saved 4 rows to ucsd_occupancy_history.csv
[2026-09-19 14:45:03] Main Gym Fitness Gym: 6% (Not Busy) people=4 capacity=72 is_open=True hour_summary=open
[2026-09-19 14:45:03] Outback Climbing Center: 20% (Closed) people=6 capacity=30 is_open=False hour_summary=Closed until 2:00pm
[2026-09-19 14:45:03] RIMAC Fitness Gym: 52% (Busy) people=34 capacity=65 is_open=True hour_summary=open
[2026-09-19 14:45:03] Triton Esports Center: 0% (Closed) people=0 capacity=35 is_open=False hour_summary=closed
[2026-09-19 14:45:03] === SCRAPE END OK ===
[2026-09-19 14:45:45] === SCRAPE START ===
[2026-09-19 14:45:45] Fetching https://waitz.io/live/ucsd-rec
[2026-09-19 14:45:46] Saved 4 rows to ucsd_occupancy_history.csv
[2026-09-19 14:45:46] Main Gym Fitness Gym: 6% (Not Busy) people=4 capacity=72 is_open=True hour_summary=open
[2026-09-19 14:45:46] Outback Climbing Center: 20% (Closed) people=6 capacity=30 is_open=False hour_summary=Closed until 2:00pm
[2026-09-19 14:45:46] RIMAC Fitness Gym: 52% (Busy) people=34 capacity=65 is_open=True hour_summary=open
[2026-09-19 14:45:46] Triton Esports Center: 0% (Closed) people=0 capacity=35 is_open=False hour_summary=closed
[2026-09-19 14:45:46] === SCRAPE END OK ===
[2026-09-19 15:00:02] === SCRAPE START ===
[2026-09-19 15:00:02] Fetching https://waitz.io/live/ucsd-rec
[2026-09-19 15:00:03] Saved 4 rows to ucsd_occupancy_history.csv
[2026-09-19 15:00:03] Main Gym Fitness Gym: 3% (Not Busy) people=2 capacity=72 is_open=True hour_summary=open
[2026-09-19 15:00:03] Outback Climbing Center: 23% (Closed) people=7 capacity=30 is_open=False hour_summary=Closed until 2:00pm
[2026-09-19 15:00:03] RIMAC Fitness Gym: 54% (Busy) people=35 capacity=65 is_open=True hour_summary=open
[2026-09-19 15:00:03] Triton Esports Center: 0% (Closed) people=0 capacity=35 is_open=False hour_summary=closed
[2026-09-19 15:00:03] === SCRAPE END OK ===
[2026-09-19 15:00:45] === SCRAPE START ===
[2026-09-19 15:00:45] Fetching https://waitz.io/live/ucsd-rec
[2026-09-19 15:00:46] Saved 4 rows to ucsd_occupancy_history.csv
[2026-09-19 15:00:46] Main Gym Fitness Gym: 3% (Not Busy) people=2 capacity=72 is_open=True hour_summary=open
[2026-09-19 15:00:46] Outback Climbing Center: 23% (Closed) people=7 capacity=30 is_open=False hour_summary=Closed until 2:00pm
[2026-09-19 15:00:46] RIMAC Fitness Gym: 55% (Busy) people=36 capacity=65 is_open=True hour_summary=open
[2026-09-19 15:00:46] Triton Esports Center: 0% (Closed) people=0 capacity=35 is_open=False hour_summary=closed
[2026-09-19 15:00:46] === SCRAPE END OK ===
[2026-09-19 15:15:02] === SCRAPE START ===
[2026-09-19 15:15:02] Fetching https://waitz.io/live/ucsd-rec
[2026-09-19 15:15:03] Saved 4 rows to ucsd_occupancy_history.csv
[2026-09-19 15:15:03] Main Gym Fitness Gym: 7% (Not Busy) people=5 capacity=72 is_open=True hour_summary=open
[2026-09-19 15:15:03] Outback Climbing Center: 17% (Closed) people=5 capacity=30 is_open=False hour_summary=Closed until 2:00pm
[2026-09-19 15:15:03] RIMAC Fitness Gym: 88% (Very Active) people=57 capacity=65 is_open=True hour_summary=open
[2026-09-19 15:15:03] Triton Esports Center: 0% (Closed) people=0 capacity=35 is_open=False hour_summary=closed
[2026-09-19 15:15:03] === SCRAPE END OK ===
[2026-09-19 15:15:45] === SCRAPE START ===
[2026-09-19 15:15:45] Fetching https://waitz.io/live/ucsd-rec
[2026-09-19 15:15:46] Saved 4 rows to ucsd_occupancy_history.csv
[2026-09-19 15:15:46] Main Gym Fitness Gym: 6% (Not Busy) people=4 capacity=72 is_open=True hour_summary=open
[2026-09-19 15:15:46] Outback Climbing Center: 17% (Closed) people=5 capacity=30 is_open=False hour_summary=Closed until 2:00pm
[2026-09-19 15:15:46] RIMAC Fitness Gym: 85% (Very Active) people=55 capacity=65 is_open=True hour_summary=open
[2026-09-19 15:15:46] Triton Esports Center: 0% (Closed) people=0 capacity=35 is_open=False hour_summary=closed
[2026-09-19 15:15:46] === SCRAPE END OK ===
[2026-09-19 15:30:02] === SCRAPE START ===
[2026-09-19 15:30:02] Fetching https://waitz.io/live/ucsd-rec
[2026-09-19 15:30:03] Saved 4 rows to ucsd_occupancy_history.csv
[2026-09-19 15:30:03] Main Gym Fitness Gym: 13% (Not Busy) people=9 capacity=72 is_open=True hour_summary=open
[2026-09-19 15:30:03] Outback Climbing Center: 17% (Closed) people=5 capacity=30 is_open=False hour_summary=Closed until 2:00pm
[2026-09-19 15:30:03] RIMAC Fitness Gym: 85% (Very Active) people=55 capacity=65 is_open=True hour_summary=open
[2026-09-19 15:30:03] Triton Esports Center: 0% (Closed) people=0 capacity=35 is_open=False hour_summary=closed
[2026-09-19 15:30:03] === SCRAPE END OK ===
[2026-09-19 15:30:45] === SCRAPE START ===
[2026-09-19 15:30:45] Fetching https://waitz.io/live/ucsd-rec
[2026-09-19 15:30:46] Saved 4 rows to ucsd_occupancy_history.csv
[2026-09-19 15:30:46] Main Gym Fitness Gym: 13% (Not Busy) people=9 capacity=72 is_open=True hour_summary=open
[2026-09-19 15:30:46] Outback Climbing Center: 17% (Closed) people=5 capacity=30 is_open=False hour_summary=Closed until 2:00pm
[2026-09-19 15:30:46] RIMAC Fitness Gym: 82% (Very Active) people=53 capacity=65 is_open=True hour_summary=open
[2026-09-19 15:30:46] Triton Esports Center: 0% (Closed) people=0 capacity=35 is_open=False hour_summary=closed
[2026-09-19 15:30:46] === SCRAPE END OK ===
[2026-09-19 15:45:02] === SCRAPE START ===
[2026-09-19 15:45:02] Fetching https://waitz.io/live/ucsd-rec
[2026-09-19 15:45:03] Saved 4 rows to ucsd_occupancy_history.csv
[2026-09-19 15:45:03] Main Gym Fitness Gym: 6% (Not Busy) people=4 capacity=72 is_open=True hour_summary=open
[2026-09-19 15:45:03] Outback Climbing Center: 23% (Closed) people=7 capacity=30 is_open=False hour_summary=Closed until 2:00pm
[2026-09-19 15:45:03] RIMAC Fitness Gym: 83% (Very Active) people=54 capacity=65 is_open=True hour_summary=open
[2026-09-19 15:45:03] Triton Esports Center: 0% (Closed) people=0 capacity=35 is_open=False hour_summary=closed
[2026-09-19 15:45:03] === SCRAPE END OK ===
[2026-09-19 15:45:45] === SCRAPE START ===
[2026-09-19 15:45:45] Fetching https://waitz.io/live/ucsd-rec
[2026-09-19 15:45:46] Saved 4 rows to ucsd_occupancy_history.csv
[2026-09-19 15:45:46] Main Gym Fitness Gym: 7% (Not Busy) people=5 capacity=72 is_open=True hour_summary=open
[2026-09-19 15:45:46] Outback Climbing Center: 23% (Closed) people=7 capacity=30 is_open=False hour_summary=Closed until 2:00pm
[2026-09-19 15:45:46] RIMAC Fitness Gym: 83% (Very Active) people=54 capacity=65 is_open=True hour_summary=open
[2026-09-19 15:45:46] Triton Esports Center: 0% (Closed) people=0 capacity=35 is_open=False hour_summary=closed
[2026-09-19 15:45:46] === SCRAPE END OK ===
[2026-09-19 16:00:02] === SCRAPE START ===
[2026-09-19 16:00:02] Fetching https://waitz.io/live/ucsd-rec
[2026-09-19 16:00:03] Saved 4 rows to ucsd_occupancy_history.csv
[2026-09-19 16:00:03] Main Gym Fitness Gym: 19% (Not Busy) people=14 capacity=72 is_open=True hour_summary=open
[2026-09-19 16:00:03] Outback Climbing Center: 20% (Closed) people=6 capacity=30 is_open=False hour_summary=Closed until 2:00pm
[2026-09-19 16:00:03] RIMAC Fitness Gym: 63% (Busy) people=41 capacity=65 is_open=True hour_summary=open
[2026-09-19 16:00:03] Triton Esports Center: 0% (Closed) people=0 capacity=35 is_open=False hour_summary=closed
[2026-09-19 16:00:03] === SCRAPE END OK ===
[2026-09-19 16:00:45] === SCRAPE START ===
[2026-09-19 16:00:45] Fetching https://waitz.io/live/ucsd-rec
[2026-09-19 16:00:46] Saved 4 rows to ucsd_occupancy_history.csv
[2026-09-19 16:00:46] Main Gym Fitness Gym: 19% (Not Busy) people=14 capacity=72 is_open=True hour_summary=open
[2026-09-19 16:00:46] Outback Climbing Center: 20% (Closed) people=6 capacity=30 is_open=False hour_summary=Closed until 2:00pm
[2026-09-19 16:00:46] RIMAC Fitness Gym: 62% (Busy) people=40 capacity=65 is_open=True hour_summary=open
[2026-09-19 16:00:46] Triton Esports Center: 0% (Closed) people=0 capacity=35 is_open=False hour_summary=closed
[2026-09-19 16:00:46] === SCRAPE END OK ===
[2026-09-19 16:15:02] === SCRAPE START ===
[2026-09-19 16:15:02] Fetching https://waitz.io/live/ucsd-rec
[2026-09-19 16:15:03] Saved 4 rows to ucsd_occupancy_history.csv
[2026-09-19 16:15:03] Main Gym Fitness Gym: 13% (Not Busy) people=9 capacity=72 is_open=True hour_summary=open
[2026-09-19 16:15:03] Outback Climbing Center: 20% (Closed) people=6 capacity=30 is_open=False hour_summary=Closed until 2:00pm
[2026-09-19 16:15:03] RIMAC Fitness Gym: 57% (Busy) people=37 capacity=65 is_open=True hour_summary=open
[2026-09-19 16:15:03] Triton Esports Center: 0% (Closed) people=0 capacity=35 is_open=False hour_summary=closed
[2026-09-19 16:15:03] === SCRAPE END OK ===
[2026-09-19 16:15:45] === SCRAPE START ===
[2026-09-19 16:15:45] Fetching https://waitz.io/live/ucsd-rec
[2026-09-19 16:15:46] Saved 4 rows to ucsd_occupancy_history.csv
[2026-09-19 16:15:46] Main Gym Fitness Gym: 13% (Not Busy) people=9 capacity=72 is_open=True hour_summary=open
[2026-09-19 16:15:46] Outback Climbing Center: 20% (Closed) people=6 capacity=30 is_open=False hour_summary=Closed until 2:00pm
[2026-09-19 16:15:46] RIMAC Fitness Gym: 58% (Busy) people=38 capacity=65 is_open=True hour_summary=open
[2026-09-19 16:15:46] Triton Esports Center: 0% (Closed) people=0 capacity=35 is_open=False hour_summary=closed
[2026-09-19 16:15:46] === SCRAPE END OK ===
[2026-09-19 16:30:02] === SCRAPE START ===
[2026-09-19 16:30:02] Fetching https://waitz.io/live/ucsd-rec
[2026-09-19 16:30:03] Saved 4 rows to ucsd_occupancy_history.csv
[2026-09-19 16:30:03] Main Gym Fitness Gym: 8% (Not Busy) people=6 capacity=72 is_open=True hour_summary=open
[2026-09-19 16:30:03] Outback Climbing Center: 20% (Closed) people=6 capacity=30 is_open=False hour_summary=Closed until 2:00pm
[2026-09-19 16:30:03] RIMAC Fitness Gym: 54% (Busy) people=35 capacity=65 is_open=True hour_summary=open
[2026-09-19 16:30:03] Triton Esports Center: 0% (Closed) people=0 capacity=35 is_open=False hour_summary=closed
[2026-09-19 16:30:03] === SCRAPE END OK ===
[2026-09-19 16:30:45] === SCRAPE START ===
[2026-09-19 16:30:45] Fetching https://waitz.io/live/ucsd-rec
[2026-09-19 16:30:46] Saved 4 rows to ucsd_occupancy_history.csv
[2026-09-19 16:30:46] Main Gym Fitness Gym: 10% (Not Busy) people=7 capacity=72 is_open=True hour_summary=open
[2026-09-19 16:30:46] Outback Climbing Center: 20% (Closed) people=6 capacity=30 is_open=False hour_summary=Closed until 2:00pm
[2026-09-19 16:30:46] RIMAC Fitness Gym: 55% (Busy) people=36 capacity=65 is_open=True hour_summary=open
[2026-09-19 16:30:46] Triton Esports Center: 0% (Closed) people=0 capacity=35 is_open=False hour_summary=closed
[2026-09-19 16:30:46] === SCRAPE END OK ===
[2026-09-19 16:45:02] === SCRAPE START ===
[2026-09-19 16:45:02] Fetching https://waitz.io/live/ucsd-rec
[2026-09-19 16:45:03] Saved 4 rows to ucsd_occupancy_history.csv
[2026-09-19 16:45:03] Main Gym Fitness Gym: 21% (Not Busy) people=15 capacity=72 is_open=True hour_summary=open
[2026-09-19 16:45:03] Outback Climbing Center: 23% (Closed) people=7 capacity=30 is_open=False hour_summary=Closed until 2:00pm
[2026-09-19 16:45:03] RIMAC Fitness Gym: 71% (Busy) people=46 capacity=65 is_open=True hour_summary=open
[2026-09-19 16:45:03] Triton Esports Center: 0% (Closed) people=0 capacity=35 is_open=False hour_summary=closed
[2026-09-19 16:45:03] === SCRAPE END OK ===
[2026-09-19 16:45:45] === SCRAPE START ===
[2026-09-19 16:45:45] Fetching https://waitz.io/live/ucsd-rec
[2026-09-19 16:45:46] Saved 4 rows to ucsd_occupancy_history.csv
[2026-09-19 16:45:46] Main Gym Fitness Gym: 22% (Not Busy) people=16 capacity=72 is_open=True hour_summary=open
[2026-09-19 16:45:46] Outback Climbing Center: 23% (Closed) people=7 capacity=30 is_open=False hour_summary=Closed until 2:00pm
[2026-09-19 16:45:46] RIMAC Fitness Gym: 74% (Busy) people=48 capacity=65 is_open=True hour_summary=open
[2026-09-19 16:45:46] Triton Esports Center: 0% (Closed) people=0 capacity=35 is_open=False hour_summary=closed
[2026-09-19 16:45:46] === SCRAPE END OK ===
[2026-09-19 17:00:02] === SCRAPE START ===
[2026-09-19 17:00:02] Fetching https://waitz.io/live/ucsd-rec
[2026-09-19 17:00:04] Saved 4 rows to ucsd_occupancy_history.csv
[2026-09-19 17:00:04] Main Gym Fitness Gym: 11% (Not Busy) people=8 capacity=72 is_open=True hour_summary=open
[2026-09-19 17:00:04] Outback Climbing Center: 23% (Closed) people=7 capacity=30 is_open=False hour_summary=Closed until 2:00pm
[2026-09-19 17:00:04] RIMAC Fitness Gym: 78% (Busy) people=51 capacity=65 is_open=True hour_summary=open
[2026-09-19 17:00:04] Triton Esports Center: 0% (Closed) people=0 capacity=35 is_open=False hour_summary=closed
[2026-09-19 17:00:04] === SCRAPE END OK ===
[2026-09-19 17:00:45] === SCRAPE START ===
[2026-09-19 17:00:45] Fetching https://waitz.io/live/ucsd-rec
[2026-09-19 17:00:46] Saved 4 rows to ucsd_occupancy_history.csv
[2026-09-19 17:00:46] Main Gym Fitness Gym: 11% (Not Busy) people=8 capacity=72 is_open=True hour_summary=open
[2026-09-19 17:00:46] Outback Climbing Center: 23% (Closed) people=7 capacity=30 is_open=False hour_summary=Closed until 2:00pm
[2026-09-19 17:00:46] RIMAC Fitness Gym: 78% (Busy) people=51 capacity=65 is_open=True hour_summary=open
[2026-09-19 17:00:46] Triton Esports Center: 0% (Closed) people=0 capacity=35 is_open=False hour_summary=closed
[2026-09-19 17:00:46] === SCRAPE END OK ===
[2026-09-19 17:15:02] === SCRAPE START ===
[2026-09-19 17:15:02] Fetching https://waitz.io/live/ucsd-rec
[2026-09-19 17:15:03] Saved 4 rows to ucsd_occupancy_history.csv
[2026-09-19 17:15:03] Main Gym Fitness Gym: 18% (Not Busy) people=13 capacity=72 is_open=True hour_summary=open
[2026-09-19 17:15:03] Outback Climbing Center: 23% (Closed) people=7 capacity=30 is_open=False hour_summary=Closed until 2:00pm
[2026-09-19 17:15:03] RIMAC Fitness Gym: 86% (Very Active) people=56 capacity=65 is_open=True hour_summary=open
[2026-09-19 17:15:03] Triton Esports Center: 0% (Closed) people=0 capacity=35 is_open=False hour_summary=closed
[2026-09-19 17:15:03] === SCRAPE END OK ===
[2026-09-19 17:15:45] === SCRAPE START ===
[2026-09-19 17:15:45] Fetching https://waitz.io/live/ucsd-rec
[2026-09-19 17:15:46] Saved 4 rows to ucsd_occupancy_history.csv
[2026-09-19 17:15:46] Main Gym Fitness Gym: 18% (Not Busy) people=13 capacity=72 is_open=True hour_summary=open
[2026-09-19 17:15:46] Outback Climbing Center: 23% (Closed) people=7 capacity=30 is_open=False hour_summary=Closed until 2:00pm
[2026-09-19 17:15:46] RIMAC Fitness Gym: 88% (Very Active) people=57 capacity=65 is_open=True hour_summary=open
[2026-09-19 17:15:46] Triton Esports Center: 0% (Closed) people=0 capacity=35 is_open=False hour_summary=closed
[2026-09-19 17:15:46] === SCRAPE END OK ===
[2026-09-19 17:30:02] === SCRAPE START ===
[2026-09-19 17:30:02] Fetching https://waitz.io/live/ucsd-rec
[2026-09-19 17:30:03] Saved 4 rows to ucsd_occupancy_history.csv
[2026-09-19 17:30:03] Main Gym Fitness Gym: 25% (Not Busy) people=18 capacity=72 is_open=True hour_summary=open
[2026-09-19 17:30:03] Outback Climbing Center: 20% (Closed) people=6 capacity=30 is_open=False hour_summary=Closed until 2:00pm
[2026-09-19 17:30:03] RIMAC Fitness Gym: 71% (Busy) people=46 capacity=65 is_open=True hour_summary=open
[2026-09-19 17:30:03] Triton Esports Center: 0% (Closed) people=0 capacity=35 is_open=False hour_summary=closed
[2026-09-19 17:30:03] === SCRAPE END OK ===
[2026-09-19 17:30:45] === SCRAPE START ===
[2026-09-19 17:30:45] Fetching https://waitz.io/live/ucsd-rec
[2026-09-19 17:30:46] Saved 4 rows to ucsd_occupancy_history.csv
[2026-09-19 17:30:46] Main Gym Fitness Gym: 22% (Not Busy) people=16 capacity=72 is_open=True hour_summary=open
[2026-09-19 17:30:46] Outback Climbing Center: 20% (Closed) people=6 capacity=30 is_open=False hour_summary=Closed until 2:00pm
[2026-09-19 17:30:46] RIMAC Fitness Gym: 71% (Busy) people=46 capacity=65 is_open=True hour_summary=open
[2026-09-19 17:30:46] Triton Esports Center: 0% (Closed) people=0 capacity=35 is_open=False hour_summary=closed
[2026-09-19 17:30:46] === SCRAPE END OK ===
[2026-09-19 17:45:02] === SCRAPE START ===
[2026-09-19 17:45:02] Fetching https://waitz.io/live/ucsd-rec
[2026-09-19 17:45:03] Saved 4 rows to ucsd_occupancy_history.csv
[2026-09-19 17:45:03] Main Gym Fitness Gym: 25% (Not Busy) people=18 capacity=72 is_open=True hour_summary=open
[2026-09-19 17:45:03] Outback Climbing Center: 23% (Closed) people=7 capacity=30 is_open=False hour_summary=Closed until 2:00pm
[2026-09-19 17:45:03] RIMAC Fitness Gym: 78% (Busy) people=51 capacity=65 is_open=True hour_summary=open
[2026-09-19 17:45:03] Triton Esports Center: 0% (Closed) people=0 capacity=35 is_open=False hour_summary=closed
[2026-09-19 17:45:03] === SCRAPE END OK ===
[2026-09-19 17:45:45] === SCRAPE START ===
[2026-09-19 17:45:45] Fetching https://waitz.io/live/ucsd-rec
[2026-09-19 17:45:46] Saved 4 rows to ucsd_occupancy_history.csv
[2026-09-19 17:45:46] Main Gym Fitness Gym: 24% (Not Busy) people=17 capacity=72 is_open=True hour_summary=open
[2026-09-19 17:45:46] Outback Climbing Center: 23% (Closed) people=7 capacity=30 is_open=False hour_summary=Closed until 2:00pm
[2026-09-19 17:45:46] RIMAC Fitness Gym: 80% (Busy) people=52 capacity=65 is_open=True hour_summary=open
[2026-09-19 17:45:46] Triton Esports Center: 0% (Closed) people=0 capacity=35 is_open=False hour_summary=closed
[2026-09-19 17:45:46] === SCRAPE END OK ===
[2026-09-19 18:00:02] === SCRAPE START ===
[2026-09-19 18:00:02] Fetching https://waitz.io/live/ucsd-rec
[2026-09-19 18:00:03] Saved 4 rows to ucsd_occupancy_history.csv
[2026-09-19 18:00:03] Main Gym Fitness Gym: 19% (Not Busy) people=14 capacity=72 is_open=True hour_summary=open
[2026-09-19 18:00:03] Outback Climbing Center: 23% (Closed) people=7 capacity=30 is_open=False hour_summary=Closed until 2:00pm
[2026-09-19 18:00:03] RIMAC Fitness Gym: 89% (Very Active) people=58 capacity=65 is_open=True hour_summary=open
[2026-09-19 18:00:03] Triton Esports Center: 0% (Closed) people=0 capacity=35 is_open=False hour_summary=closed
[2026-09-19 18:00:03] === SCRAPE END OK ===
[2026-09-19 18:00:46] === SCRAPE START ===
[2026-09-19 18:00:46] Fetching https://waitz.io/live/ucsd-rec
[2026-09-19 18:00:47] Saved 4 rows to ucsd_occupancy_history.csv
[2026-09-19 18:00:47] Main Gym Fitness Gym: 18% (Not Busy) people=13 capacity=72 is_open=True hour_summary=open
[2026-09-19 18:00:47] Outback Climbing Center: 23% (Closed) people=7 capacity=30 is_open=False hour_summary=Closed until 2:00pm
[2026-09-19 18:00:47] RIMAC Fitness Gym: 86% (Very Active) people=56 capacity=65 is_open=True hour_summary=open
[2026-09-19 18:00:47] Triton Esports Center: 0% (Closed) people=0 capacity=35 is_open=False hour_summary=closed
[2026-09-19 18:00:47] === SCRAPE END OK ===
[2026-09-19 18:15:02] === SCRAPE START ===
[2026-09-19 18:15:02] Fetching https://waitz.io/live/ucsd-rec
[2026-09-19 18:15:03] Saved 4 rows to ucsd_occupancy_history.csv
[2026-09-19 18:15:03] Main Gym Fitness Gym: 28% (Not Busy) people=20 capacity=72 is_open=True hour_summary=open
[2026-09-19 18:15:03] Outback Climbing Center: 23% (Closed) people=7 capacity=30 is_open=False hour_summary=Closed until 2:00pm
[2026-09-19 18:15:03] RIMAC Fitness Gym: 66% (Busy) people=43 capacity=65 is_open=True hour_summary=open
[2026-09-19 18:15:03] Triton Esports Center: 0% (Closed) people=0 capacity=35 is_open=False hour_summary=closed
[2026-09-19 18:15:03] === SCRAPE END OK ===
[2026-09-19 18:15:45] === SCRAPE START ===
[2026-09-19 18:15:45] Fetching https://waitz.io/live/ucsd-rec
[2026-09-19 18:15:46] Saved 4 rows to ucsd_occupancy_history.csv
[2026-09-19 18:15:46] Main Gym Fitness Gym: 28% (Not Busy) people=20 capacity=72 is_open=True hour_summary=open
[2026-09-19 18:15:46] Outback Climbing Center: 23% (Closed) people=7 capacity=30 is_open=False hour_summary=Closed until 2:00pm
[2026-09-19 18:15:46] RIMAC Fitness Gym: 66% (Busy) people=43 capacity=65 is_open=True hour_summary=open
[2026-09-19 18:15:46] Triton Esports Center: 0% (Closed) people=0 capacity=35 is_open=False hour_summary=closed
[2026-09-19 18:15:46] === SCRAPE END OK ===
[2026-09-19 18:30:02] === SCRAPE START ===
[2026-09-19 18:30:02] Fetching https://waitz.io/live/ucsd-rec
[2026-09-19 18:30:03] Saved 4 rows to ucsd_occupancy_history.csv
[2026-09-19 18:30:03] Main Gym Fitness Gym: 11% (Not Busy) people=8 capacity=72 is_open=True hour_summary=open
[2026-09-19 18:30:03] Outback Climbing Center: 20% (Closed) people=6 capacity=30 is_open=False hour_summary=Closed until 2:00pm
[2026-09-19 18:30:03] RIMAC Fitness Gym: 69% (Busy) people=45 capacity=65 is_open=True hour_summary=open
[2026-09-19 18:30:03] Triton Esports Center: 0% (Closed) people=0 capacity=35 is_open=False hour_summary=closed
[2026-09-19 18:30:03] === SCRAPE END OK ===
[2026-09-19 18:30:45] === SCRAPE START ===
[2026-09-19 18:30:45] Fetching https://waitz.io/live/ucsd-rec
[2026-09-19 18:30:46] Saved 4 rows to ucsd_occupancy_history.csv
[2026-09-19 18:30:46] Main Gym Fitness Gym: 11% (Not Busy) people=8 capacity=72 is_open=True hour_summary=open
[2026-09-19 18:30:46] Outback Climbing Center: 20% (Closed) people=6 capacity=30 is_open=False hour_summary=Closed until 2:00pm
[2026-09-19 18:30:46] RIMAC Fitness Gym: 69% (Busy) people=45 capacity=65 is_open=True hour_summary=open
[2026-09-19 18:30:46] Triton Esports Center: 0% (Closed) people=0 capacity=35 is_open=False hour_summary=closed
[2026-09-19 18:30:46] === SCRAPE END OK ===
[2026-09-19 18:45:02] === SCRAPE START ===
[2026-09-19 18:45:02] Fetching https://waitz.io/live/ucsd-rec
[2026-09-19 18:45:03] Saved 4 rows to ucsd_occupancy_history.csv
[2026-09-19 18:45:03] Main Gym Fitness Gym: 8% (Not Busy) people=6 capacity=72 is_open=True hour_summary=open
[2026-09-19 18:45:03] Outback Climbing Center: 23% (Closed) people=7 capacity=30 is_open=False hour_summary=Closed until 2:00pm
[2026-09-19 18:45:03] RIMAC Fitness Gym: 71% (Busy) people=46 capacity=65 is_open=True hour_summary=open
[2026-09-19 18:45:03] Triton Esports Center: 0% (Closed) people=0 capacity=35 is_open=False hour_summary=closed
[2026-09-19 18:45:03] === SCRAPE END OK ===
[2026-09-19 18:45:45] === SCRAPE START ===
[2026-09-19 18:45:45] Fetching https://waitz.io/live/ucsd-rec
[2026-09-19 18:45:46] Saved 4 rows to ucsd_occupancy_history.csv
[2026-09-19 18:45:46] Main Gym Fitness Gym: 7% (Not Busy) people=5 capacity=72 is_open=True hour_summary=open
[2026-09-19 18:45:46] Outback Climbing Center: 23% (Closed) people=7 capacity=30 is_open=False hour_summary=Closed until 2:00pm
[2026-09-19 18:45:46] RIMAC Fitness Gym: 68% (Busy) people=44 capacity=65 is_open=True hour_summary=open
[2026-09-19 18:45:46] Triton Esports Center: 0% (Closed) people=0 capacity=35 is_open=False hour_summary=closed
[2026-09-19 18:45:46] === SCRAPE END OK ===
[2026-09-19 19:00:02] === SCRAPE START ===
[2026-09-19 19:00:02] Fetching https://waitz.io/live/ucsd-rec
[2026-09-19 19:00:04] Saved 4 rows to ucsd_occupancy_history.csv
[2026-09-19 19:00:04] Main Gym Fitness Gym: 8% (Not Busy) people=6 capacity=72 is_open=True hour_summary=open
[2026-09-19 19:00:04] Outback Climbing Center: 23% (Closed) people=7 capacity=30 is_open=False hour_summary=Closed until 2:00pm
[2026-09-19 19:00:04] RIMAC Fitness Gym: 65% (Busy) people=42 capacity=65 is_open=True hour_summary=open
[2026-09-19 19:00:04] Triton Esports Center: 0% (Closed) people=0 capacity=35 is_open=False hour_summary=closed
[2026-09-19 19:00:04] === SCRAPE END OK ===
[2026-09-19 19:00:45] === SCRAPE START ===
[2026-09-19 19:00:45] Fetching https://waitz.io/live/ucsd-rec
[2026-09-19 19:00:46] Saved 4 rows to ucsd_occupancy_history.csv
[2026-09-19 19:00:46] Main Gym Fitness Gym: 7% (Not Busy) people=5 capacity=72 is_open=True hour_summary=open
[2026-09-19 19:00:46] Outback Climbing Center: 23% (Closed) people=7 capacity=30 is_open=False hour_summary=Closed until 2:00pm
[2026-09-19 19:00:46] RIMAC Fitness Gym: 63% (Busy) people=41 capacity=65 is_open=True hour_summary=open
[2026-09-19 19:00:46] Triton Esports Center: 0% (Closed) people=0 capacity=35 is_open=False hour_summary=closed
[2026-09-19 19:00:46] === SCRAPE END OK ===
[2026-09-19 19:15:02] === SCRAPE START ===
[2026-09-19 19:15:02] Fetching https://waitz.io/live/ucsd-rec
[2026-09-19 19:15:03] Saved 4 rows to ucsd_occupancy_history.csv
[2026-09-19 19:15:03] Main Gym Fitness Gym: 11% (Not Busy) people=8 capacity=72 is_open=True hour_summary=open
[2026-09-19 19:15:03] Outback Climbing Center: 27% (Closed) people=8 capacity=30 is_open=False hour_summary=Closed until 2:00pm
[2026-09-19 19:15:03] RIMAC Fitness Gym: 63% (Busy) people=41 capacity=65 is_open=True hour_summary=open
[2026-09-19 19:15:03] Triton Esports Center: 0% (Closed) people=0 capacity=35 is_open=False hour_summary=closed
[2026-09-19 19:15:03] === SCRAPE END OK ===
[2026-09-19 19:15:45] === SCRAPE START ===
[2026-09-19 19:15:45] Fetching https://waitz.io/live/ucsd-rec
[2026-09-19 19:15:46] Saved 4 rows to ucsd_occupancy_history.csv
[2026-09-19 19:15:46] Main Gym Fitness Gym: 11% (Not Busy) people=8 capacity=72 is_open=True hour_summary=open
[2026-09-19 19:15:46] Outback Climbing Center: 27% (Closed) people=8 capacity=30 is_open=False hour_summary=Closed until 2:00pm
[2026-09-19 19:15:46] RIMAC Fitness Gym: 63% (Busy) people=41 capacity=65 is_open=True hour_summary=open
[2026-09-19 19:15:46] Triton Esports Center: 0% (Closed) people=0 capacity=35 is_open=False hour_summary=closed
[2026-09-19 19:15:46] === SCRAPE END OK ===
[2026-09-19 19:30:03] === SCRAPE START ===
[2026-09-19 19:30:03] Fetching https://waitz.io/live/ucsd-rec
[2026-09-19 19:30:04] Saved 4 rows to ucsd_occupancy_history.csv
[2026-09-19 19:30:04] Main Gym Fitness Gym: 13% (Not Busy) people=9 capacity=72 is_open=True hour_summary=open
[2026-09-19 19:30:04] Outback Climbing Center: 20% (Closed) people=6 capacity=30 is_open=False hour_summary=Closed until 2:00pm
[2026-09-19 19:30:04] RIMAC Fitness Gym: 71% (Busy) people=46 capacity=65 is_open=True hour_summary=open
[2026-09-19 19:30:04] Triton Esports Center: 0% (Closed) people=0 capacity=35 is_open=False hour_summary=closed
[2026-09-19 19:30:04] === SCRAPE END OK ===
[2026-09-19 19:45:02] === SCRAPE START ===
[2026-09-19 19:45:02] Fetching https://waitz.io/live/ucsd-rec
[2026-09-19 19:45:03] Saved 4 rows to ucsd_occupancy_history.csv
[2026-09-19 19:45:03] Main Gym Fitness Gym: 18% (Not Busy) people=13 capacity=72 is_open=True hour_summary=open
[2026-09-19 19:45:03] Outback Climbing Center: 27% (Closed) people=8 capacity=30 is_open=False hour_summary=Closed until 2:00pm
[2026-09-19 19:45:03] RIMAC Fitness Gym: 40% (Not Busy) people=26 capacity=65 is_open=True hour_summary=open
[2026-09-19 19:45:03] Triton Esports Center: 0% (Closed) people=0 capacity=35 is_open=False hour_summary=closed
[2026-09-19 19:45:03] === SCRAPE END OK ===
[2026-09-19 20:00:02] === SCRAPE START ===
[2026-09-19 20:00:02] Fetching https://waitz.io/live/ucsd-rec
[2026-09-19 20:00:03] Saved 4 rows to ucsd_occupancy_history.csv
[2026-09-19 20:00:03] Main Gym Fitness Gym: 8% (Not Busy) people=6 capacity=72 is_open=True hour_summary=open
[2026-09-19 20:00:03] Outback Climbing Center: 23% (Closed) people=7 capacity=30 is_open=False hour_summary=Closed until 2:00pm
[2026-09-19 20:00:03] RIMAC Fitness Gym: 6% (Closed) people=4 capacity=65 is_open=False hour_summary=Closed until 8:00am
[2026-09-19 20:00:03] Triton Esports Center: 0% (Closed) people=0 capacity=35 is_open=False hour_summary=closed
[2026-09-19 20:00:03] === SCRAPE END OK ===
[2026-09-19 20:15:02] === SCRAPE START ===
[2026-09-19 20:15:02] Fetching https://waitz.io/live/ucsd-rec
[2026-09-19 20:15:03] Saved 4 rows to ucsd_occupancy_history.csv
[2026-09-19 20:15:03] Main Gym Fitness Gym: 7% (Not Busy) people=5 capacity=72 is_open=True hour_summary=open
[2026-09-19 20:15:03] Outback Climbing Center: 23% (Closed) people=7 capacity=30 is_open=False hour_summary=Closed until 2:00pm
[2026-09-19 20:15:03] RIMAC Fitness Gym: 0% (Closed) people=0 capacity=65 is_open=False hour_summary=Closed until 8:00am
[2026-09-19 20:15:03] Triton Esports Center: 0% (Closed) people=0 capacity=35 is_open=False hour_summary=closed
[2026-09-19 20:15:03] === SCRAPE END OK ===
[2026-09-19 20:30:02] === SCRAPE START ===
[2026-09-19 20:30:02] Fetching https://waitz.io/live/ucsd-rec
[2026-09-19 20:30:04] Saved 4 rows to ucsd_occupancy_history.csv
[2026-09-19 20:30:04] Main Gym Fitness Gym: 4% (Not Busy) people=3 capacity=72 is_open=True hour_summary=open
[2026-09-19 20:30:04] Outback Climbing Center: 23% (Closed) people=7 capacity=30 is_open=False hour_summary=Closed until 2:00pm
[2026-09-19 20:30:04] RIMAC Fitness Gym: 0% (Closed) people=0 capacity=65 is_open=False hour_summary=Closed until 8:00am
[2026-09-19 20:30:04] Triton Esports Center: 0% (Closed) people=0 capacity=35 is_open=False hour_summary=closed
[2026-09-19 20:30:04] === SCRAPE END OK ===
[2026-09-19 20:45:02] === SCRAPE START ===
[2026-09-19 20:45:02] Fetching https://waitz.io/live/ucsd-rec
[2026-09-19 20:45:03] Saved 4 rows to ucsd_occupancy_history.csv
[2026-09-19 20:45:03] Main Gym Fitness Gym: 3% (Not Busy) people=2 capacity=72 is_open=True hour_summary=open
[2026-09-19 20:45:03] Outback Climbing Center: 23% (Closed) people=7 capacity=30 is_open=False hour_summary=Closed until 2:00pm
[2026-09-19 20:45:03] RIMAC Fitness Gym: 0% (Closed) people=0 capacity=65 is_open=False hour_summary=Closed until 8:00am
[2026-09-19 20:45:03] Triton Esports Center: 0% (Closed) people=0 capacity=35 is_open=False hour_summary=closed
[2026-09-19 20:45:03] === SCRAPE END OK ===
[2026-09-19 21:00:02] === SCRAPE START ===
[2026-09-19 21:00:02] Fetching https://waitz.io/live/ucsd-rec
[2026-09-19 21:00:03] Saved 4 rows to ucsd_occupancy_history.csv
[2026-09-19 21:00:03] Main Gym Fitness Gym: 3% (Not Busy) people=2 capacity=72 is_open=True hour_summary=open
[2026-09-19 21:00:03] Outback Climbing Center: 20% (Closed) people=6 capacity=30 is_open=False hour_summary=Closed until 2:00pm
[2026-09-19 21:00:03] RIMAC Fitness Gym: 0% (Closed) people=0 capacity=65 is_open=False hour_summary=Closed until 8:00am
[2026-09-19 21:00:03] Triton Esports Center: 0% (Closed) people=0 capacity=35 is_open=False hour_summary=closed
[2026-09-19 21:00:03] === SCRAPE END OK ===
[2026-09-19 21:15:02] === SCRAPE START ===
[2026-09-19 21:15:02] Fetching https://waitz.io/live/ucsd-rec
[2026-09-19 21:15:03] Saved 4 rows to ucsd_occupancy_history.csv
[2026-09-19 21:15:03] Main Gym Fitness Gym: 4% (Not Busy) people=3 capacity=72 is_open=True hour_summary=open
[2026-09-19 21:15:03] Outback Climbing Center: 20% (Closed) people=6 capacity=30 is_open=False hour_summary=Closed until 2:00pm
[2026-09-19 21:15:03] RIMAC Fitness Gym: 0% (Closed) people=0 capacity=65 is_open=False hour_summary=Closed until 8:00am
[2026-09-19 21:15:03] Triton Esports Center: 0% (Closed) people=0 capacity=35 is_open=False hour_summary=closed
[2026-09-19 21:15:03] === SCRAPE END OK ===
[2026-09-19 21:30:02] === SCRAPE START ===
[2026-09-19 21:30:02] Fetching https://waitz.io/live/ucsd-rec
[2026-09-19 21:30:03] Saved 4 rows to ucsd_occupancy_history.csv
[2026-09-19 21:30:03] Main Gym Fitness Gym: 6% (Not Busy) people=4 capacity=72 is_open=True hour_summary=open
[2026-09-19 21:30:03] Outback Climbing Center: 27% (Closed) people=8 capacity=30 is_open=False hour_summary=Closed until 2:00pm
[2026-09-19 21:30:03] RIMAC Fitness Gym: 0% (Closed) people=0 capacity=65 is_open=False hour_summary=Closed until 8:00am
[2026-09-19 21:30:03] Triton Esports Center: 0% (Closed) people=0 capacity=35 is_open=False hour_summary=closed
[2026-09-19 21:30:03] === SCRAPE END OK ===
[2026-09-19 21:45:02] === SCRAPE START ===
[2026-09-19 21:45:02] Fetching https://waitz.io/live/ucsd-rec
[2026-09-19 21:45:03] Saved 4 rows to ucsd_occupancy_history.csv
[2026-09-19 21:45:03] Main Gym Fitness Gym: 3% (Not Busy) people=2 capacity=72 is_open=True hour_summary=open
[2026-09-19 21:45:03] Outback Climbing Center: 27% (Closed) people=8 capacity=30 is_open=False hour_summary=Closed until 2:00pm
[2026-09-19 21:45:03] RIMAC Fitness Gym: 0% (Closed) people=0 capacity=65 is_open=False hour_summary=Closed until 8:00am
[2026-09-19 21:45:03] Triton Esports Center: 0% (Closed) people=0 capacity=35 is_open=False hour_summary=closed
[2026-09-19 21:45:03] === SCRAPE END OK ===
[2026-09-19 22:00:02] === SCRAPE START ===
[2026-09-19 22:00:02] Fetching https://waitz.io/live/ucsd-rec
[2026-09-19 22:00:04] Saved 4 rows to ucsd_occupancy_history.csv
[2026-09-19 22:00:04] Main Gym Fitness Gym: 1% (Not Busy) people=1 capacity=72 is_open=True hour_summary=open
[2026-09-19 22:00:04] Outback Climbing Center: 20% (Closed) people=6 capacity=30 is_open=False hour_summary=Closed until 2:00pm
[2026-09-19 22:00:04] RIMAC Fitness Gym: 0% (Closed) people=0 capacity=65 is_open=False hour_summary=Closed until 8:00am
[2026-09-19 22:00:04] Triton Esports Center: 0% (Closed) people=0 capacity=35 is_open=False hour_summary=closed
[2026-09-19 22:00:04] === SCRAPE END OK ===
[2026-09-19 22:15:02] === SCRAPE START ===
[2026-09-19 22:15:02] Fetching https://waitz.io/live/ucsd-rec
[2026-09-19 22:15:03] Saved 4 rows to ucsd_occupancy_history.csv
[2026-09-19 22:15:03] Main Gym Fitness Gym: 3% (Not Busy) people=2 capacity=72 is_open=True hour_summary=open
[2026-09-19 22:15:03] Outback Climbing Center: 20% (Closed) people=6 capacity=30 is_open=False hour_summary=Closed until 2:00pm
[2026-09-19 22:15:03] RIMAC Fitness Gym: 0% (Closed) people=0 capacity=65 is_open=False hour_summary=Closed until 8:00am
[2026-09-19 22:15:03] Triton Esports Center: 0% (Closed) people=0 capacity=35 is_open=False hour_summary=closed
[2026-09-19 22:15:03] === SCRAPE END OK ===
[2026-09-19 22:30:02] === SCRAPE START ===
[2026-09-19 22:30:02] Fetching https://waitz.io/live/ucsd-rec
[2026-09-19 22:30:03] Saved 4 rows to ucsd_occupancy_history.csv
[2026-09-19 22:30:03] Main Gym Fitness Gym: 1% (Not Busy) people=1 capacity=72 is_open=True hour_summary=open
[2026-09-19 22:30:03] Outback Climbing Center: 23% (Closed) people=7 capacity=30 is_open=False hour_summary=Closed until 2:00pm
[2026-09-19 22:30:03] RIMAC Fitness Gym: 0% (Closed) people=0 capacity=65 is_open=False hour_summary=Closed until 8:00am
[2026-09-19 22:30:03] Triton Esports Center: 0% (Closed) people=0 capacity=35 is_open=False hour_summary=closed
[2026-09-19 22:30:03] === SCRAPE END OK ===
[2026-09-19 22:45:02] === SCRAPE START ===
[2026-09-19 22:45:02] Fetching https://waitz.io/live/ucsd-rec
[2026-09-19 22:45:03] Saved 4 rows to ucsd_occupancy_history.csv
[2026-09-19 22:45:03] Main Gym Fitness Gym: 3% (Not Busy) people=2 capacity=72 is_open=True hour_summary=open
[2026-09-19 22:45:03] Outback Climbing Center: 23% (Closed) people=7 capacity=30 is_open=False hour_summary=Closed until 2:00pm
[2026-09-19 22:45:03] RIMAC Fitness Gym: 0% (Closed) people=0 capacity=65 is_open=False hour_summary=Closed until 8:00am
[2026-09-19 22:45:03] Triton Esports Center: 0% (Closed) people=0 capacity=35 is_open=False hour_summary=closed
[2026-09-19 22:45:03] === SCRAPE END OK ===
[2026-09-19 23:00:02] === SCRAPE START ===
[2026-09-19 23:00:02] Fetching https://waitz.io/live/ucsd-rec
[2026-09-19 23:00:03] Saved 4 rows to ucsd_occupancy_history.csv
[2026-09-19 23:00:03] Main Gym Fitness Gym: 1% (Closed) people=1 capacity=72 is_open=False hour_summary=Closed until 8:00am
[2026-09-19 23:00:03] Outback Climbing Center: 13% (Closed) people=4 capacity=30 is_open=False hour_summary=Closed until 2:00pm
[2026-09-19 23:00:03] RIMAC Fitness Gym: 0% (Closed) people=0 capacity=65 is_open=False hour_summary=Closed until 8:00am
[2026-09-19 23:00:03] Triton Esports Center: 0% (Closed) people=0 capacity=35 is_open=False hour_summary=closed
[2026-09-19 23:00:03] === SCRAPE END OK ===
[2026-09-19 23:15:02] === SCRAPE START ===
[2026-09-19 23:15:02] Fetching https://waitz.io/live/ucsd-rec
[2026-09-19 23:15:03] Saved 4 rows to ucsd_occupancy_history.csv
[2026-09-19 23:15:03] Main Gym Fitness Gym: 1% (Closed) people=1 capacity=72 is_open=False hour_summary=Closed until 8:00am
[2026-09-19 23:15:03] Outback Climbing Center: 13% (Closed) people=4 capacity=30 is_open=False hour_summary=Closed until 2:00pm
[2026-09-19 23:15:03] RIMAC Fitness Gym: 0% (Closed) people=0 capacity=65 is_open=False hour_summary=Closed until 8:00am
[2026-09-19 23:15:03] Triton Esports Center: 0% (Closed) people=0 capacity=35 is_open=False hour_summary=closed
[2026-09-19 23:15:03] === SCRAPE END OK ===
